,id,name,station_genre,rate,reviews_cnt,dinner_price,lunch_price
0,1,本湖月," 大阪難波駅 318m / 懐石・会席料理
            ",4.56,202,"￥30,000～￥39,999",-
1,2,鮨 おおが," 宿院駅 90m / 寿司
            ",4.39,155,"￥30,000～￥39,999",-
2,3,米増," 福島駅 654m / 懐石・会席料理
            ",4.34,109,"￥20,000～￥29,999",-
3,4,鳥匠 いし井," なにわ橋駅 286m / 焼鳥、鳥料理
            ",4.30,119,"￥10,000～￥14,999",-
4,5,Fujiya 1935," 谷町四丁目駅 498m / イノベーティブ・フュージョン、スペイン料理、モダンスパニッシュ
            ",4.28,410,"￥30,000～￥39,999","￥15,000～￥19,999"
5,6,中国菜 火ノ鳥," 北浜駅 344m / 中華料理
            ",4.28,164,"￥10,000～￥14,999",-
6,7,鮓 きずな," 京橋駅 453m / 寿司
            ",4.27,368,"￥15,000～￥19,999",-
7,8,ハジメ," 肥後橋駅 270m / イノベーティブ・フュージョン、フレンチ、モダンフレンチ
            ",4.26,193,"￥60,000～￥79,999",-
8,9,尽誠," 心斎橋駅 333m / 寿司
            ",4.25,181,"￥20,000～￥29,999",-
9,10,鮨 三心," 谷町六丁目駅 316m / 寿司
            ",4.24,168,"￥20,000～￥29,999","￥20,000～￥29,999"
10,11,カハラ," 北新地駅 299m / 創作料理
            ",4.23,267,"￥30,000～￥39,999","￥30,000～￥39,999"
11,12,月泉," なにわ橋駅 213m / 中華料理
            ",4.22,158,"￥15,000～￥19,999",-
12,13,とんかつ マンジェ," 八尾駅 337m / とんかつ
            ",4.20,1123,"￥2,000～￥2,999","￥2,000～￥2,999"
13,14,クイントカント," 渡辺橋駅 211m / イタリアン、パスタ
            ",4.16,460,"￥15,000～￥19,999","￥8,000～￥9,999"
14,15,生ホルモン処 おさむちゃん。," 津久野駅 854m / 焼肉、ホルモン
            ",4.12,147,"￥15,000～￥19,999",-
15,16,焼肉政ちゃん," 津守駅 306m / 焼肉
            ",4.10,60,"￥6,000～￥7,999",-
16,17,スガラボヴィー," 心斎橋駅 311m / モダンフレンチ
            ",4.08,118,"￥60,000～￥79,999",-
17,18,緒乃," 北新地駅 165m / 懐石・会席料理、割烹・小料理、魚介料理・海鮮料理
            ",4.08,96,"￥20,000～￥29,999","￥20,000～￥29,999"
18,19,トムクリオーザ," 大江橋駅 264m / イタリアン、パスタ、ステーキ
            ",4.07,186,"￥15,000～￥19,999",-
19,20,もめん," 心斎橋駅 340m / 懐石・会席料理、割烹・小料理
            ",4.06,103,"￥20,000～￥29,999",-
20,21,お料理 宮本," 大阪天満宮駅 116m / 懐石・会席料理、割烹・小料理
            ",4.04,85,"￥15,000～￥19,999",-
21,22,フナシェフ," 天満駅 338m / フレンチ、モダンフレンチ、イタリアン
            ",4.02,63,"￥20,000～￥29,999","￥8,000～￥9,999"
22,23,手造りうどん 楽々," 郡津駅 915m / うどん
            ",3.99,965,-,"￥1,000～￥1,999"
23,24,カモシヤ クスモト," 新福島駅 101m / 創作料理、割烹・小料理、イノベーティブ・フュージョン
            ",3.99,231,"￥20,000～￥29,999",-
24,25,寿し おおはた," 大江橋駅 275m / 寿司、魚介料理・海鮮料理、懐石・会席料理
            ",3.99,194,"￥15,000～￥19,999",-
25,26,柏屋 大阪千里山," 関大前駅 455m / 割烹・小料理、懐石・会席料理、精進料理
            ",3.99,106,"￥15,000～￥19,999","￥10,000～￥14,999"
26,27,Grand rocher," 淀屋橋駅 326m / フレンチ、モダンフレンチ、イノベーティブ・フュージョン
            ",3.98,207,"￥8,000～￥9,999","￥4,000～￥4,999"
27,28,上を向いて," 香里園駅 264m / うどん
            ",3.97,239,-,"￥1,000～￥1,999"
28,29,弥助," 宿院駅 61m / 寿司
            ",3.97,144,"￥20,000～￥29,999","￥6,000～￥7,999"
29,30,ながほり," 玉造（大阪メトロ）駅 470m / 居酒屋、創作料理、割烹・小料理
            ",3.95,233,"￥10,000～￥14,999","￥10,000～￥14,999"
30,31,Point," 豊中市 / フレンチ
            ",3.95,36,"￥20,000～￥29,999",-
31,32,パリアッシュ," 渡辺橋駅 189m / パン、パン・サンドイッチ（その他）、洋菓子（その他）
            ",3.94,632,～￥999,～￥999
32,33,ad hoc ," 新福島駅 324m / フレンチ
            ",3.94,172,"￥20,000～￥29,999","￥10,000～￥14,999"
33,34,和洋酒菜 ひで," 心斎橋駅 335m / 居酒屋
            ",3.94,127,"￥8,000～￥9,999",-
34,35,天神橋 青木," 天神橋筋六丁目駅 465m / 懐石・会席料理、割烹・小料理
            ",3.94,72,"￥20,000～￥29,999",-
35,36,榎本," 大国町駅 208m / 割烹・小料理、懐石・会席料理
            ",3.94,26,"￥20,000～￥29,999",-
36,37,讃岐うどん 白庵," 神崎川駅 55m / うどん、カレーうどん
            ",3.93,759,"￥1,000～￥1,999","￥1,000～￥1,999"
37,38,アニエルドール," 阿波座駅 441m / フレンチ
            ",3.93,247,"￥15,000～￥19,999","￥6,000～￥7,999"
38,39,鮨処 多田," 北新地駅 136m / 寿司、魚介料理・海鮮料理
            ",3.93,235,"￥30,000～￥39,999","￥20,000～￥29,999"
39,40,グシテ," 天満橋駅 452m / イタリアン
            ",3.93,62,"￥15,000～￥19,999","￥15,000～￥19,999"
40,41,ぬま田," 北新地駅 138m / 天ぷら
            ",3.93,52,"￥20,000～￥29,999","￥20,000～￥29,999"
41,42,La Cime," 本町駅 360m / フレンチ、モダンフレンチ
            ",3.92,255,"￥20,000～￥29,999","￥10,000～￥14,999"
42,43,野口太郎," 北新地駅 139m / 割烹・小料理
            ",3.92,224,"￥20,000～￥29,999",-
43,44,カアラ," 大江橋駅 284m / バー
            ",3.92,112,"￥6,000～￥7,999",-
44,45,つねちゃん," 御陵前駅 853m / 焼肉、ホルモン
            ",3.92,57,"￥15,000～￥19,999",-
45,46,柘榴 奈良きみや 別邸," 大江橋駅 272m / 焼肉、ステーキ、鉄板焼き
            ",3.91,106,"￥20,000～￥29,999",-
46,47,ラ カンロ," 南森町駅 349m / フレンチ、モダンフレンチ、イノベーティブ・フュージョン
            ",3.91,52,"￥20,000～￥29,999","￥20,000～￥29,999"
47,48,"Patisserie Ravi,e relier"," 中崎町駅 260m / ケーキ、パン
            ",3.90,766,"￥1,000～￥1,999","￥1,000～￥1,999"
48,49,吾一," 肥後橋駅 279m / 焼鳥
            ",3.90,143,"￥10,000～￥14,999","￥8,000～￥9,999"
49,50,AUBE," なにわ橋駅 491m / 中華料理
            ",3.90,8,"￥40,000～￥49,999",-
50,51,島之内 一陽," 日本橋駅 407m / 割烹・小料理
            ",3.89,297,"￥10,000～￥14,999",-
51,52,鰻家," 西中島南方駅 203m / うなぎ
            ",3.89,214,"￥5,000～￥5,999","￥5,000～￥5,999"
52,53,旬彩天 つちや," 江坂駅 604m / 天ぷら、懐石・会席料理、魚介料理・海鮮料理
            ",3.89,172,"￥10,000～￥14,999","￥6,000～￥7,999"
53,54,是しん," 大江橋駅 328m / 懐石・会席料理
            ",3.89,118,"￥15,000～￥19,999","￥8,000～￥9,999"
54,55,ボタニカリー," 本町駅 354m / カレーライス、インドカレー、カレー（その他）
            ",3.88,836,-,～￥999
55,56,Ghar," 肥後橋駅 441m / カレーライス、インド料理、インドカレー
            ",3.88,506,-,～￥999
56,57,Udon Kyutaro," 本町駅 342m / うどん、天ぷら、和食（その他）
            ",3.88,447,-,～￥999
57,58,焼鳥 市松," 北新地駅 274m / 焼鳥、創作料理
            ",3.88,402,"￥10,000～￥14,999","￥10,000～￥14,999"
58,59,しまなみふれんち Murakami," 大阪天満宮駅 306m / フレンチ、イタリアン、モダンフレンチ
            ",3.88,141,"￥10,000～￥14,999","￥4,000～￥4,999"
59,60,アラルデ," 西大橋駅 595m / モダンスパニッシュ、スペイン料理、西洋各国料理（その他）
            ",3.88,96,"￥15,000～￥19,999",-
60,61,う越貞," 新福島駅 127m / 魚介料理・海鮮料理、割烹・小料理、かに
            ",3.88,84,"￥40,000～￥49,999","￥40,000～￥49,999"
61,62,新地 やま本," 大江橋駅 192m / 懐石・会席料理、創作料理
            ",3.88,26,"￥20,000～￥29,999",-
62,63,ル・シュクレクール," 大江橋駅 162m / パン、ケーキ
            ",3.87,513,-,"￥1,000～￥1,999"
63,64,和風もつ料理 あらた," 西中島南方駅 84m / もつ料理
            ",3.87,317,"￥3,000～￥3,999",-
64,65,鮨　Shizuku," 長堀橋駅 309m / 寿司、魚介料理・海鮮料理、割烹・小料理
            ",3.87,128,"￥20,000～￥29,999",-
65,66,東茶屋 なかむら," 天神橋筋六丁目駅 442m / 割烹・小料理、懐石・会席料理
            ",3.87,31,"￥15,000～￥19,999",-
66,67,老松 喜多川," なにわ橋駅 359m / 懐石・会席料理、京料理
            ",3.86,113,"￥20,000～￥29,999","￥8,000～￥9,999"
67,68,牛寶," 北新地駅 235m / 牛料理、牛タン、割烹・小料理
            ",3.86,48,"￥100,000～",-
68,69,楼船 さえ喜," 阿波座駅 622m / 屋形船・クルージング、寿司、魚介料理・海鮮料理
            ",3.86,31,"￥20,000～￥29,999","￥20,000～￥29,999"
69,70,うどん屋 きすけ," 中崎町駅 434m / うどん、天ぷら
            ",3.85,840,"￥1,000～￥1,999",～￥999
70,71,カシミール," 北浜駅 374m / カレーライス、カレー（その他）
            ",3.85,564,-,"￥1,000～￥1,999"
71,72,カランドリエ," 本町駅 263m / フレンチ
            ",3.85,516,"￥15,000～￥19,999","￥5,000～￥5,999"
72,73,日本料理 楽心," 新福島駅 201m / 割烹・小料理、懐石・会席料理
            ",3.85,124,"￥20,000～￥29,999","￥6,000～￥7,999"
73,74,旧ヤム邸 空堀店," 谷町六丁目駅 264m / カレーライス、カレー（その他）、カフェ
            ",3.84,651,"￥1,000～￥1,999","￥1,000～￥1,999"
74,75,Matasaburo," 長居駅 144m / 焼肉、ステーキ、ホルモン
            ",3.84,344,"￥10,000～￥14,999","￥4,000～￥4,999"
75,76,十皿," 大江橋駅 273m / イノベーティブ・フュージョン、イタリアン、魚介料理・海鮮料理
            ",3.84,85,"￥10,000～￥14,999","￥10,000～￥14,999"
76,77,鮨処 池上," 千里丘駅 173m / 寿司、魚介料理・海鮮料理、ふぐ
            ",3.84,61,"￥20,000～￥29,999",-
77,78,カドヤ食堂 総本店," 西長堀駅 366m / ラーメン、つけ麺、油そば
            ",3.83,1252,"￥1,000～￥1,999","￥1,000～￥1,999"
78,79,ラ・ベ," 西梅田駅 393m / フレンチ
            ",3.83,438,"￥20,000～￥29,999","￥10,000～￥14,999"
79,80,鰻 にしはら," 谷町四丁目駅 418m / うなぎ、丼もの（その他）
            ",3.83,281,"￥3,000～￥3,999","￥2,000～￥2,999"
80,81,一碗水," 堺筋本町駅 349m / 中華料理
            ",3.83,172,"￥10,000～￥14,999","￥8,000～￥9,999"
81,82,寿司 赤酢," 北新地駅 274m / 寿司、割烹・小料理、魚介料理・海鮮料理
            ",3.83,129,"￥15,000～￥19,999","￥15,000～￥19,999"
82,83,京洛焼肉 ぽめ," 長堀橋駅 313m / 焼肉
            ",3.83,92,"￥15,000～￥19,999",-
83,84,オノウエ," 谷町四丁目駅 385m / フレンチ
            ",3.83,52,"￥15,000～￥19,999","￥6,000～￥7,999"
84,85,アシッドラシーヌ," 天満橋駅 305m / ケーキ、マカロン
            ",3.82,574,"￥1,000～￥1,999","￥1,000～￥1,999"
85,86,コロンビア エイト 北浜本店," 北浜駅 418m / カレーライス、バー・お酒（その他）、居酒屋・ダイニングバー（その他）
            ",3.82,520,-,"￥1,000～￥1,999"
86,87,curry bar nidomi," 谷町四丁目駅 464m / カレーライス、ダイニングバー、スリランカ料理
            ",3.82,291,"￥1,000～￥1,999",～￥999
87,88,髙橋 謙太郎," 大江橋駅 296m / 寿司
            ",3.82,117,"￥20,000～￥29,999",-
88,89,TOMONO," 北新地駅 140m / 中華料理
            ",3.82,41,"￥20,000～￥29,999",-
89,90,松弥," なにわ橋駅 402m / 割烹・小料理
            ",3.82,28,"￥30,000～￥39,999",-
90,91,アサドール ロカ," 淀屋橋駅 507m / スペイン料理
            ",3.82,25,"￥10,000～￥14,999","￥4,000～￥4,999"
91,92,虹の仏," 四天王寺前夕陽ケ丘駅 240m / カレーライス、洋食
            ",3.81,357,"￥1,000～￥1,999","￥1,000～￥1,999"
92,93,時分時," 本町駅 505m / 鉄板焼き、お好み焼き、ステーキ
            ",3.81,271,"￥5,000～￥5,999",-
93,94,やすだ," 城北公園通駅 466m / しゃぶしゃぶ、牛料理、焼肉
            ",3.81,147,"￥5,000～￥5,999",-
94,95,日本料理　翠," 心斎橋駅 298m / 割烹・小料理
            ",3.81,53,"￥15,000～￥19,999","￥5,000～￥5,999"
95,96,ル・シュクレクール 岸部," 吹田市 / パン、サンドイッチ、カフェ
            ",3.80,661,～￥999,～￥999
96,97,ロッダグループ," ドーム前千代崎駅 340m / スリランカ料理、カレーライス、アジア・エスニック料理（その他）
            ",3.80,507,"￥1,000～￥1,999","￥1,000～￥1,999"
97,98,SOMA," 中津（阪急）駅 117m / カレーライス、カレー（その他）
            ",3.80,440,-,"￥1,000～￥1,999"
98,99,鮨 原正," 大阪上本町駅 437m / 寿司
            ",3.80,48,"￥20,000～￥29,999","￥15,000～￥19,999"
99,100,人類みな麺類," 南方駅 54m / ラーメン
            ",3.79,1604,～￥999,～￥999
100,101,ラーメン人生JET," 福島駅 156m / ラーメン、つけ麺、油そば
            ",3.79,1430,"￥2,000～￥2,999",～￥999
101,102,たけうちうどん店," 中津（大阪メトロ）駅 298m / うどん、天ぷら・揚げ物（その他）
            ",3.79,856,-,～￥999
102,103,パンデュース," 本町駅 380m / パン、サンドイッチ、カフェ
            ",3.79,839,～￥999,～￥999
103,104,なかたに亭," 大阪上本町駅 197m / ケーキ、マカロン、チョコレート
            ",3.79,801,～￥999,"￥1,000～￥1,999"
104,105,万正," 鶴橋駅 628m / 焼肉、ホルモン
            ",3.79,283,"￥6,000～￥7,999",-
105,106,Chi-Fu," なにわ橋駅 489m / 中華料理、無国籍料理、イノベーティブ・フュージョン
            ",3.79,151,"￥15,000～￥19,999","￥8,000～￥9,999"
106,107,エニェ," 堺筋本町駅 253m / スペイン料理、モダンスパニッシュ
            ",3.79,141,"￥15,000～￥19,999","￥8,000～￥9,999"
107,108,どおぞの," 北新地駅 112m / くじら料理、鍋（その他）、魚介料理・海鮮料理
            ",3.79,118,"￥8,000～￥9,999",-
108,109,心根," 高槻市 / 懐石・会席料理、魚介料理・海鮮料理
            ",3.79,33,"￥15,000～￥19,999","￥15,000～￥19,999"
109,110,こすだ," 天神橋筋六丁目駅 265m / イノベーティブ・フュージョン
            ",3.79,25,"￥15,000～￥19,999",-
110,111,うどん棒 大阪本店," 東梅田駅 184m / うどん、天ぷら、うどんすき
            ",3.78,1081,"￥1,000～￥1,999",～￥999
111,112,燃えよ麺助," 福島駅 97m / ラーメン
            ",3.78,1020,～￥999,～￥999
112,113,らーめん弥七," 中津（大阪メトロ）駅 253m / ラーメン、つけ麺、丼もの（その他）
            ",3.78,1008,～￥999,～￥999
113,114,麺や而今 大東本店," 鴻池新田駅 907m / ラーメン、つけ麺
            ",3.78,673,"￥1,000～￥1,999",～￥999
114,115,中華そば うえまち," 谷町六丁目駅 404m / ラーメン、つけ麺、油そば
            ",3.78,673,-,～￥999
115,116,極楽うどん　TKU," 玉造（ＪＲ）駅 117m / うどん、カレーうどん、居酒屋・ダイニングバー（その他）
            ",3.78,640,～￥999,～￥999
116,117,麺や 紡," 宇野辺駅 527m / ラーメン、丼もの（その他）
            ",3.78,606,-,"￥1,000～￥1,999"
117,118,レ・グーテ," 肥後橋駅 601m / ケーキ、マカロン、チョコレート
            ",3.78,483,～￥999,～￥999
118,119,烈志笑魚油 麺香房 三く," 新福島駅 136m / ラーメン、つけ麺
            ",3.77,1093,～￥999,～￥999
119,120,麺屋 丈六 なんば店," 難波（南海）駅 281m / ラーメン
            ",3.77,1059,-,～￥999
120,121,ストライク軒," 天神橋筋六丁目駅 180m / ラーメン
            ",3.77,901,～￥999,～￥999
121,122,旧ヤム鐵道," 大阪駅 110m / カレーライス
            ",3.77,892,"￥1,000～￥1,999","￥1,000～￥1,999"
122,123,中華蕎麦 葛," 本町駅 570m / ラーメン
            ",3.77,765,-,～￥999
123,124,群青," 天神橋筋六丁目駅 170m / つけ麺、ラーメン、油そば
            ",3.77,742,～￥999,～￥999
124,125,らーめん颯人," 南森町駅 241m / ラーメン
            ",3.77,623,"￥1,000～￥1,999","￥1,000～￥1,999"
125,126,中華そば 無限," 海老江駅 200m / ラーメン、油そば
            ",3.77,620,"￥1,000～￥1,999","￥1,000～￥1,999"
126,127,玉製家," 日本橋駅 98m / 和菓子
            ",3.77,544,"￥1,000～￥1,999",～￥999
127,128,手打ち麺 やす田," 新大阪駅 359m / ラーメン
            ",3.77,516,-,～￥999
128,129,極楽うどん Ah-麺," 寺田町駅 140m / うどん、カレーうどん、親子丼
            ",3.77,409,"￥1,000～￥1,999",～￥999
129,130,コンヴィヴィアリテ," 西大橋駅 260m / フレンチ
            ",3.77,272,"￥10,000～￥14,999","￥10,000～￥14,999"
130,131,香桃," 西梅田駅 321m / 中華料理、飲茶・点心、広東料理
            ",3.77,256,"￥15,000～￥19,999","￥6,000～￥7,999"
131,132,故宮," 中津（阪急）駅 649m / 広東料理、魚介料理・海鮮料理、飲茶・点心
            ",3.77,244,"￥10,000～￥14,999","￥6,000～￥7,999"
132,133,北新地 福多亭," 北新地駅 244m / ステーキ、イタリアン、ワインバー
            ",3.77,241,"￥20,000～￥29,999","￥20,000～￥29,999"
133,134,北新地 弧柳," 北新地駅 273m / 懐石・会席料理
            ",3.77,153,"￥20,000～￥29,999","￥20,000～￥29,999"
134,135,バー・ジュニパー," 大江橋駅 254m / バー
            ",3.77,116,"￥5,000～￥5,999",-
135,136,鮨 村上二郎," 北新地駅 106m / 寿司
            ",3.77,103,"￥20,000～￥29,999",-
136,137,Il Povero Diavolo," 今宮戎駅 265m / イタリアン、ワインバー、魚介料理・海鮮料理
            ",3.77,82,"￥15,000～￥19,999",-
137,138,エヴォリュエ," 新福島駅 116m / フレンチ、モダンフレンチ、ビストロ
            ",3.77,75,"￥10,000～￥14,999","￥4,000～￥4,999"
138,139,とんかつ 乃ぐち," 中津（阪急）駅 249m / とんかつ、かつ丼・かつ重
            ",3.77,68,"￥6,000～￥7,999","￥2,000～￥2,999"
139,140,天麩羅　吉祥," 中崎町駅 125m / 天ぷら
            ",3.77,62,"￥15,000～￥19,999",-
140,141,和食 いし津," 四ツ橋駅 223m / 割烹・小料理、懐石・会席料理
            ",3.77,51,"￥8,000～￥9,999",-
141,142,いし井Jr.," なにわ橋駅 286m / 焼鳥、鳥料理、水炊き
            ",3.77,43,"￥8,000～￥9,999",-
142,143,肉割烹 山口," 大江橋駅 263m / 割烹・小料理
            ",3.77,43,"￥20,000～￥29,999",-
143,144,料理屋 稲家," 北新地駅 140m / 懐石・会席料理、割烹・小料理
            ",3.77,34,"￥20,000～￥29,999",-
144,145,らーめんstyle JUNK STORY 本店," 谷町九丁目駅 199m / ラーメン、つけ麺、油そば
            ",3.76,949,～￥999,～￥999
145,146,総大醤," 天神橋筋六丁目駅 284m / ラーメン、つけ麺
            ",3.76,936,～￥999,～￥999
146,147,パネ・ポルチーニ," 福島駅 148m / パン、ベーグル、洋菓子（その他）
            ",3.76,713,～￥999,～￥999
147,148,うどん 讃く," 新福島駅 133m / うどん、そば、天ぷら
            ",3.76,710,～￥999,～￥999
148,149,ラーメン人生JET600," 玉造（ＪＲ）駅 166m / ラーメン、つけ麺、油そば
            ",3.76,704,～￥999,～￥999
149,150,麦と麺助," 中津（大阪メトロ）駅 280m / ラーメン、つけ麺
            ",3.76,703,-,～￥999
150,151,洛二神," 天神橋筋六丁目駅 250m / ラーメン、つけ麺
            ",3.76,698,～￥999,～￥999
151,152,麺屋彩々 昭和町本店," 昭和町駅 101m / ラーメン、つけ麺
            ",3.76,694,～￥999,～￥999
152,153,エシレ・マルシェ オ ブール," 梅田駅 61m / スイーツ（その他）、ケーキ、パン
            ",3.76,585,～￥999,～￥999
153,154,ブーランジェリー ブルディガラ 大阪店," 西梅田駅 205m / パン、カフェ・喫茶（その他）、ケーキ
            ",3.76,576,～￥999,"￥1,000～￥1,999"
154,155,らーめん香澄 阿波座本店," 阿波座駅 482m / ラーメン、油そば
            ",3.76,574,～￥999,～￥999
155,156,麺のようじ," 日本橋駅 495m / ラーメン、つけ麺、油そば
            ",3.76,555,～￥999,～￥999
156,157,ブランジェリー タカギ," 肥後橋駅 83m / パン、サンドイッチ、洋菓子（その他）
            ",3.76,507,"￥1,000～￥1,999",～￥999
157,158,餅匠しづく 新町店," 西大橋駅 247m / 和菓子、大福、カフェ
            ",3.76,492,-,"￥1,000～￥1,999"
158,159,蕎麦 たかま," 天神橋筋六丁目駅 473m / そば
            ",3.76,460,-,"￥1,000～￥1,999"
159,160,ドゥブルベ・ボレロ 大阪本町店," 本町駅 354m / ケーキ、カフェ、パン
            ",3.76,421,"￥1,000～￥1,999","￥1,000～￥1,999"
160,161,まき埜," 福島駅 414m / そば、居酒屋、天ぷら
            ",3.76,412,"￥1,000～￥1,999","￥1,000～￥1,999"
161,162,讃岐うどん 今雪," 中崎町駅 442m / うどん、うどんすき、おでん
            ",3.76,372,～￥999,～￥999
162,163,彩色ラーメン きんせい総本家 夢風," 高槻市 / ラーメン
            ",3.76,371,-,～￥999
163,164,麺屋 八海山," 高槻駅 274m / ラーメン
            ",3.76,363,"￥1,000～￥1,999",～￥999
164,165,うどん うばら," 大阪上本町駅 329m / うどん
            ",3.76,355,-,～￥999
165,166,焼鳥YAMATO," 北新地駅 209m / 焼鳥、鳥料理、創作料理
            ",3.76,271,"￥10,000～￥14,999",-
166,167,レストラン ヴァリエ," 渡辺橋駅 129m / フレンチ、洋食、バー
            ",3.76,265,"￥15,000～￥19,999","￥5,000～￥5,999"
167,168,あやむ屋," 新福島駅 63m / 焼鳥、鳥料理
            ",3.76,200,"￥8,000～￥9,999",-
168,169,懐石料理 桝田," 心斎橋駅 161m / 懐石・会席料理
            ",3.76,171,"￥15,000～￥19,999","￥6,000～￥7,999"
169,170,ミルカレス," 北新地駅 298m / イタリアン、ワインバー、ビストロ
            ",3.76,153,"￥10,000～￥14,999",-
170,171,プレスキル," 淀屋橋駅 91m / フレンチ
            ",3.76,144,"￥15,000～￥19,999","￥6,000～￥7,999"
171,172,松寿司," 北畠駅 396m / 寿司、魚介料理・海鮮料理、懐石・会席料理
            ",3.76,140,"￥15,000～￥19,999","￥15,000～￥19,999"
172,173,グラン シャン," 北新地駅 268m / フレンチ
            ",3.76,97,"￥10,000～￥14,999",-
173,174,大阪天満宮 鮨とよなが," 大阪天満宮駅 86m / 寿司
            ",3.76,68,"￥20,000～￥29,999",-
174,175,お料理 山田," 北新地駅 231m / 割烹・小料理
            ",3.76,53,"￥20,000～￥29,999",-
175,176,炭匠 御厨," 南森町駅 354m / 焼鳥、鳥料理、居酒屋
            ",3.76,52,"￥15,000～￥19,999",-
176,177,御料理 堀川," 大阪天満宮駅 422m / 懐石・会席料理、割烹・小料理、魚介料理・海鮮料理
            ",3.76,48,"￥15,000～￥19,999",-
177,178,大阪麺哲," 東梅田駅 193m / ラーメン
            ",3.75,756,"￥1,000～￥1,999","￥1,000～￥1,999"
178,179,かん袋," 寺地町駅 172m / 和菓子、甘味処、かき氷
            ",3.75,706,"￥1,000～￥1,999",～￥999
179,180,彩色ラーメンきんせい 高槻駅前店," 高槻市駅 147m / ラーメン、つけ麺、中華料理
            ",3.75,646,"￥1,000～￥1,999","￥1,000～￥1,999"
180,181,烈火 本店," 庄内駅 155m / ラーメン、つけ麺、油そば
            ",3.75,522,～￥999,～￥999
181,182,麺や福はら," 今里（近鉄）駅 350m / ラーメン
            ",3.75,514,～￥999,～￥999
182,183,ROUTE271 梅田本店," 大阪梅田（阪急）駅 249m / パン、サンドイッチ
            ",3.75,499,～￥999,"￥1,000～￥1,999"
183,184,とんぴととりの光龍益," 桜ノ宮駅 237m / ラーメン
            ",3.75,498,～￥999,～￥999
184,185,踊るうどん 滝井本店," 滝井駅 62m / うどん
            ",3.75,464,～￥999,～￥999
185,186,ラヴィリンス," 西大橋駅 259m / カレーライス、アジア・エスニック料理（その他）
            ",3.75,423,"￥8,000～￥9,999","￥1,000～￥1,999"
186,187,バンブルビー," 本町駅 609m / カレーライス、カレー（その他）
            ",3.75,419,-,"￥1,000～￥1,999"
187,188,かしや," 玉出駅 271m / ラーメン、つけ麺
            ",3.75,413,～￥999,～￥999
188,189,三谷製麺所 鶴橋店," 鶴橋駅 460m / つけ麺、ラーメン
            ",3.75,401,～￥999,～￥999
189,190,桐麺 本店," 神崎川駅 851m / ラーメン、つけ麺
            ",3.75,385,～￥999,"￥1,000～￥1,999"
190,191,ジェラテリア チルコドーロ," 谷町六丁目駅 384m / アイスクリーム、カフェ・喫茶（その他）
            ",3.75,373,～￥999,～￥999
191,192,モード ディ ポンテベッキオ," 西梅田駅 394m / イタリアン
            ",3.75,369,"￥10,000～￥14,999","￥3,000～￥3,999"
192,193,ポンテ ベッキオ," 北浜駅 42m / イタリアン
            ",3.75,361,"￥15,000～￥19,999","￥8,000～￥9,999"
193,194,ガネーシュ N," 大阪天満宮駅 365m / インドカレー、カレーライス、インド料理
            ",3.75,347,-,"￥1,000～￥1,999"
194,195,丸正餃子店 本店," 住道駅 468m / 餃子
            ",3.75,341,"￥1,000～￥1,999","￥1,000～￥1,999"
195,196,さつま," 大江橋駅 234m / 焼肉、ホルモン
            ",3.75,317,"￥6,000～￥7,999",-
196,197,シナジー," 北新地駅 230m / カレーライス
            ",3.75,304,-,～￥999
197,198,釜揚うどん一紀," 今宮駅 350m / うどん、鍋（その他）
            ",3.75,303,-,～￥999
198,199,ブランジュリ P&B," 西大橋駅 272m / パン、ベーグル、パン・サンドイッチ（その他）
            ",3.75,263,～￥999,～￥999
199,200,まさる," 四天王寺前夕陽ケ丘駅 446m / 寿司、和食（その他）
            ",3.75,156,"￥10,000～￥14,999",-
200,201,Salon du Kuma3 北新地," 大江橋駅 274m / 牛料理、ステーキ、すき焼き
            ",3.75,132,"￥15,000～￥19,999","￥5,000～￥5,999"
201,202,Pluie dete," 北新地駅 33m / イノベーティブ・フュージョン、フレンチ、イタリアン
            ",3.75,129,"￥5,000～￥5,999","￥4,000～￥4,999"
202,203,太庵," 長堀橋駅 154m / 懐石・会席料理、割烹・小料理
            ",3.75,91,"￥20,000～￥29,999",-
203,204,紅紅火火," 茨木市駅 208m / 中華料理、上海料理、四川料理
            ",3.75,84,"￥8,000～￥9,999",-
204,205,夕凪橋 多古安," 朝潮橋駅 516m / ふぐ
            ",3.75,80,"￥20,000～￥29,999","￥20,000～￥29,999"
205,206,和食 いいくら," 南森町駅 293m / 和食（その他）
            ",3.75,75,"￥10,000～￥14,999",-
206,207,レストラン パティスリー ジェイエス," 新福島駅 179m / フレンチ、ビストロ、洋菓子（その他）
            ",3.75,21,"￥10,000～￥14,999","￥10,000～￥14,999"
207,208,きたん 韻," 大阪難波駅 312m / 焼肉、割烹・小料理
            ",3.75,16,"￥15,000～￥19,999",-
208,209,時屋," 西中島南方駅 315m / つけ麺
            ",3.74,811,"￥1,000～￥1,999",～￥999
209,210,中国菜 オイル," 福島駅 526m / 四川料理、中華料理、広東料理
            ",3.74,648,"￥4,000～￥4,999","￥1,000～￥1,999"
210,211,鶏 soba 座銀 本店," 肥後橋駅 210m / ラーメン、つけ麺、鳥料理
            ",3.74,639,～￥999,～￥999
211,212,白銀亭," 本町駅 392m / 欧風カレー
            ",3.74,560,～￥999,～￥999
212,213,ポンガラカレー 阪急サン広場店," 梅田駅 86m / カレーライス、スリランカ料理、カレー（その他）
            ",3.74,545,"￥1,000～￥1,999","￥1,000～￥1,999"
213,214,渡邊カリー 梅田本店," 北新地駅 157m / カレーライス
            ",3.74,508,"￥1,000～￥1,999","￥1,000～￥1,999"
214,215,中華そば いぶき," 天神橋筋六丁目駅 261m / ラーメン、つけ麺
            ",3.74,502,～￥999,～￥999
215,216,ショコラティエ パレ ド オール 大阪," 西梅田駅 84m / チョコレート、カフェ、ケーキ
            ",3.74,485,"￥1,000～￥1,999","￥1,000～￥1,999"
216,217,いかれたヌードル フィッシュトンズ," 西大橋駅 152m / つけ麺、ラーメン、汁なし担々麺
            ",3.74,484,～￥999,～￥999
217,218,エクチュア  からほり「蔵」本店 ," 松屋町駅 66m / チョコレート、カフェ、サンドイッチ
            ",3.74,484,"￥1,000～￥1,999","￥1,000～￥1,999"
218,219,ブーランジュリー グウ," 谷町六丁目駅 217m / パン、サンドイッチ
            ",3.74,449,～￥999,～￥999
219,220,デリチュース  箕面本店," 箕面市 / ケーキ、バームクーヘン
            ",3.74,435,～￥999,～￥999
220,221,ラーメン坊也哲," 若江岩田駅 931m / ラーメン、つけ麺
            ",3.74,391,～￥999,"￥1,000～￥1,999"
221,222,パスティチュリア・デリチュース 大阪店," 大阪駅 29m / ケーキ
            ",3.74,360,"￥1,000～￥1,999","￥1,000～￥1,999"
222,223,コロンビアエイト 堺筋本町店," 堺筋本町駅 323m / カレーライス、インドカレー、カレー（その他）
            ",3.74,355,-,～￥999
223,224,ブーランジェ エス・カガワ," 中崎町駅 172m / パン、サンドイッチ、スイーツ（その他）
            ",3.74,352,～￥999,～￥999
224,225,麺哲 豊中," 豊中駅 340m / ラーメン
            ",3.74,343,"￥1,000～￥1,999","￥1,000～￥1,999"
225,226,うどん ゆきの," 西田辺駅 486m / うどん、カレーうどん、天ぷら・揚げ物（その他）
            ",3.74,333,-,～￥999
226,227,麺一盃," 塚本駅 161m / ラーメン
            ",3.74,329,～￥999,～￥999
227,228,スパイスカリー バビルの塔," 谷町四丁目駅 476m / カレーライス、インドカレー
            ",3.74,312,-,"￥1,000～￥1,999"
228,229,麺匠 而今," 滝井駅 61m / ラーメン、つけ麺
            ",3.74,307,～￥999,～￥999
229,230,釜ひろ," 鶴ケ丘駅 63m / うどん、天ぷら、天丼・天重
            ",3.74,276,～￥999,～￥999
230,231,どとう ぜにや ," 堺市中区 / うどん、天ぷら
            ",3.74,266,-,"￥1,000～￥1,999"
231,232,レベルカレー," 本町駅 178m / カレーライス、インドカレー
            ",3.74,256,-,～￥999
232,233,空飛ぶうどん やまぶき家," 豊中駅 347m / うどん、カレーうどん
            ",3.74,249,～￥999,～￥999
233,234,板前焼肉 一斗 天下茶屋本店," 今船駅 81m / 焼肉、ホルモン、冷麺
            ",3.74,213,"￥6,000～￥7,999",-
234,235,レストランディファランス," 本町駅 596m / フレンチ、モダンフレンチ、イノベーティブ・フュージョン
            ",3.74,155,"￥15,000～￥19,999","￥6,000～￥7,999"
235,236,びんびや," 大江橋駅 320m / 居酒屋、割烹・小料理、魚介料理・海鮮料理
            ",3.74,142,"￥6,000～￥7,999",-
236,237,北新地やまがた屋," 北新地駅 267m / ホルモン、焼肉
            ",3.74,92,"￥20,000～￥29,999",-
237,238,鮨　樋口," 長堀橋駅 335m / 寿司
            ",3.74,91,"￥20,000～￥29,999",-
238,239,西心斎橋 ゆうの," 心斎橋駅 157m / 懐石・会席料理
            ",3.74,73,"￥15,000～￥19,999",-
239,240,寿司 うち田," 大江橋駅 276m / 寿司、魚介料理・海鮮料理、割烹・小料理
            ",3.74,72,"￥20,000～￥29,999",-
240,241,鮨いわもと," 北新地駅 242m / 寿司、魚介料理・海鮮料理、割烹・小料理
            ",3.74,71,"￥20,000～￥29,999",-
241,242,C.D.TAKOH," 大江橋駅 396m / 洋食、オムライス
            ",3.74,55,"￥20,000～￥29,999","￥20,000～￥29,999"
242,243,焼肉かつらぎ," 堺市駅 98m / 焼肉、ホルモン
            ",3.74,55,"￥5,000～￥5,999",-
243,244,Imparfait," 本町駅 457m / フレンチ、モダンフレンチ、イノベーティブ・フュージョン
            ",3.74,54,"￥8,000～￥9,999","￥5,000～￥5,999"
244,245,上田商店," 針中野駅 251m / 焼肉、その他肉料理、居酒屋
            ",3.74,29,"￥15,000～￥19,999",-
245,246,リブロ ヴェルデ," 北新地駅 139m / 創作料理、和食（その他）、フレンチ
            ",3.74,11,"￥20,000～￥29,999",-
246,247,無鉄砲  大阪店," 今宮戎駅 126m / ラーメン
            ",3.73,1074,"￥1,000～￥1,999",～￥999
247,248,京都 麺屋たけ井 阪急梅田店," 大阪梅田（阪急）駅 47m / つけ麺、ラーメン
            ",3.73,921,"￥1,000～￥1,999","￥1,000～￥1,999"
248,249,福太郎 本店," 近鉄日本橋駅 203m / お好み焼き、鉄板焼き、ステーキ
            ",3.73,854,"￥2,000～￥2,999","￥1,000～￥1,999"
249,250,クレープリー・アルション," 大阪難波駅 277m / クレープ、カフェ、ビストロ
            ",3.73,805,"￥2,000～￥2,999","￥1,000～￥1,999"
250,251,万両 南森町店," 南森町駅 190m / 焼肉、ホルモン
            ",3.73,760,"￥4,000～￥4,999",-
251,252,鶏Soba 座銀 にぼし店," 心斎橋駅 377m / ラーメン、つけ麺
            ",3.73,741,～￥999,～￥999
252,253,世界一暇なラーメン屋," 渡辺橋駅 126m / ラーメン
            ",3.73,689,～￥999,～￥999
253,254,ふく流らーめん 轍 本町本店," 本町駅 430m / ラーメン、つけ麺
            ",3.73,646,～￥999,～￥999
254,255,麺元素," 天満駅 242m / ラーメン、つけ麺
            ",3.73,611,～￥999,～￥999
255,256,梅田 釜たけうどん," 梅田駅 42m / うどん、カレーうどん、天ぷら
            ",3.73,571,～￥999,-
256,257,博多とんこつ 天神旗," 上新庄駅 246m / ラーメン、つけ麺
            ",3.73,487,～￥999,～￥999
257,258,麺屋 はなぶさ," 堺筋本町駅 339m / ラーメン、油そば
            ",3.73,434,～￥999,～￥999
258,259,大阪浪花家," 中崎町駅 189m / 甘味処、たい焼き・大判焼き、かき氷
            ",3.73,429,～￥999,～￥999
259,260,デ・トゥット・パンデュース エキマルシェ大阪店," 大阪梅田（阪神）駅 162m / パン、サンドイッチ、ベーグル
            ",3.73,427,～￥999,～￥999
260,261,中村商店 高槻本店," 高槻駅 138m / ラーメン、つけ麺、油そば
            ",3.73,420,"￥1,000～￥1,999","￥1,000～￥1,999"
261,262,自己流ラーメン綿麺," 松原市 / ラーメン、つけ麺、からあげ
            ",3.73,377,"￥1,000～￥1,999","￥1,000～￥1,999"
262,263,カカオサンパカ 大丸梅田店," 大阪梅田（阪神）駅 93m / チョコレート、カフェ、パフェ
            ",3.73,348,"￥1,000～￥1,999","￥1,000～￥1,999"
263,264,讃岐屋 雅次郎," 久宝寺口駅 593m / うどん、天ぷら、からあげ
            ",3.73,343,"￥1,000～￥1,999","￥1,000～￥1,999"
264,265,極汁美麺 umami," 河内小阪駅 269m / ラーメン
            ",3.73,338,"￥1,000～￥1,999","￥1,000～￥1,999"
265,266,極麺 青二犀," 相川駅 849m / ラーメン、つけ麺
            ",3.73,336,-,～￥999
266,267,江戸堀 木田 讃岐うどん," 肥後橋駅 332m / うどん
            ",3.73,323,～￥999,"￥1,000～￥1,999"
267,268,麺ゃ しき," 守口駅 71m / ラーメン、つけ麺、油そば
            ",3.73,321,～￥999,～￥999
268,269,もりやま屋," 大江橋駅 340m / インドカレー、インド料理、カレーライス
            ",3.73,309,"￥1,000～￥1,999","￥1,000～￥1,999"
269,270,スパイスカリー 大陸," 新福島駅 93m / カレーライス
            ",3.73,290,"￥1,000～￥1,999","￥1,000～￥1,999"
270,271,辛来飯," 堺筋本町駅 304m / カレーライス、中華料理、居酒屋
            ",3.73,285,"￥1,000～￥1,999",～￥999
271,272,辛激屋," 長堀橋駅 226m / カレーライス
            ",3.73,277,～￥999,～￥999
272,273,ピッツェリア・スクニッツォ・ダ・シゲオ," 天神橋筋六丁目駅 617m / ピザ、イタリアン
            ",3.73,273,"￥3,000～￥3,999","￥1,000～￥1,999"
273,274,手打そば 乃田," 郡津駅 109m / そば
            ",3.73,266,"￥1,000～￥1,999","￥1,000～￥1,999"
274,275,創作カレー ツキノワ," 松屋町駅 464m / カレーライス
            ",3.73,265,-,～￥999
275,276,らぁめん真," 茨木駅 171m / ラーメン、つけ麺
            ",3.73,263,-,～￥999
276,277,とんかつ ますいや," 今福鶴見駅 528m / とんかつ、洋食、ステーキ
            ",3.73,252,"￥1,000～￥1,999",～￥999
277,278,手打ちうどん 団平," 御殿山駅 355m / うどん、天ぷら、かつ丼・かつ重
            ",3.73,248,～￥999,～￥999
278,279,吉寅," 堺筋本町駅 361m / うなぎ、懐石・会席料理
            ",3.73,248,"￥10,000～￥14,999","￥5,000～￥5,999"
279,280,五條家," 天満橋駅 407m / 串揚げ・串かつ、創作料理
            ",3.73,216,"￥4,000～￥4,999",-
280,281,リュミエール," 心斎橋駅 199m / フレンチ、野菜料理、洋食
            ",3.73,209,"￥10,000～￥14,999","￥6,000～￥7,999"
281,282,うどん 蔵十," 千林大宮駅 585m / うどん、うどんすき、天ぷら
            ",3.73,177,"￥1,000～￥1,999",～￥999
282,283,酒肆 門," 東梅田駅 228m / 居酒屋
            ",3.73,166,"￥8,000～￥9,999",-
283,284,salon du kuma3 島之内," 長堀橋駅 400m / 牛料理、ステーキ、すき焼き
            ",3.73,133,"￥10,000～￥14,999","￥4,000～￥4,999"
284,285,黒杉," 大江橋駅 161m / 寿司
            ",3.73,120,"￥20,000～￥29,999","￥10,000～￥14,999"
285,286,すし処 広川," 京橋駅 330m / 寿司
            ",3.73,119,"￥15,000～￥19,999","￥15,000～￥19,999"
286,287,レストラン シャンボール," 中之島駅 113m / フレンチ
            ",3.73,119,"￥20,000～￥29,999","￥6,000～￥7,999"
287,288,寿司処 しん," 天神橋筋六丁目駅 473m / 寿司
            ",3.73,114,"￥20,000～￥29,999",-
288,289,炭火焼鳥 きち蔵," 阿波座駅 383m / 焼鳥、居酒屋
            ",3.73,103,"￥5,000～￥5,999",-
289,290,鮨 のぐち," 北新地駅 198m / 寿司
            ",3.73,100,"￥20,000～￥29,999",-
290,291,メゾン タテル ヨシノ," 大江橋駅 201m / フレンチ、モダンフレンチ、イノベーティブ・フュージョン
            ",3.73,86,"￥15,000～￥19,999","￥6,000～￥7,999"
291,292,千成寿司," 淡路駅 153m / 寿司
            ",3.73,83,"￥15,000～￥19,999",-
292,293,鮨 福萬," 松屋町駅 280m / 寿司、和食（その他）、日本酒バー
            ",3.73,80,"￥15,000～￥19,999","￥15,000～￥19,999"
293,294,弘屋," 大江橋駅 252m / フレンチ、創作料理、ワインバー
            ",3.73,78,"￥15,000～￥19,999",-
294,295,さんま黒焦げ食堂," 天満駅 110m / 立ち飲み居酒屋・バー、中華料理、居酒屋
            ",3.73,65,"￥6,000～￥7,999",-
295,296,心伯," 東梅田駅 519m / 焼鳥
            ",3.73,57,"￥10,000～￥14,999",-
296,297,北浜鮨やまの," 北浜駅 330m / 寿司、魚介料理・海鮮料理、和食（その他）
            ",3.73,53,"￥15,000～￥19,999","￥10,000～￥14,999"
297,298,なにわ料理 有," 大阪天満宮駅 232m / 懐石・会席料理、割烹・小料理
            ",3.73,47,"￥15,000～￥19,999",-
298,299,イル・チェントリーノ," 松屋町駅 337m / イタリアン、ワインバー、イノベーティブ・フュージョン
            ",3.73,45,"￥10,000～￥14,999","￥4,000～￥4,999"
299,300,again," 北新地駅 105m / 串揚げ・串かつ
            ",3.73,42,"￥10,000～￥14,999",-
300,301,寿司赤酢・望月," 北新地駅 271m / 寿司
            ",3.73,38,"￥15,000～￥19,999","￥15,000～￥19,999"
301,302,U.KAI," 大江橋駅 275m / 創作料理、ステーキ、無国籍料理
            ",3.73,33,"￥20,000～￥29,999",-
302,303,一眞," 緑地公園駅 213m / ふぐ
            ",3.73,26,"￥40,000～￥49,999",-
303,304,イデアル ビストロ," 天満橋駅 55m / フレンチ、モダンフレンチ、ビストロ
            ",3.73,25,"￥10,000～￥14,999","￥4,000～￥4,999"
304,305,照屋," 谷町九丁目駅 325m / 懐石・会席料理
            ",3.73,25,"￥20,000～￥29,999",-
305,306,踊るうどん 梅田店," 東梅田駅 248m / うどん、天ぷら
            ",3.72,780,～￥999,-
306,307,ニューアストリア," 千里中央駅 218m / 喫茶店、サンドイッチ、コーヒー専門店
            ",3.72,552,～￥999,～￥999
307,308,カルダモン．," 天神橋筋六丁目駅 121m / カレーライス、欧風カレー、洋食
            ",3.72,550,～￥999,～￥999
308,309,サロン・ド・テ・アルション 法善寺本店," 大阪難波駅 264m / ケーキ、カフェ、紅茶専門店
            ",3.72,534,"￥1,000～￥1,999","￥1,000～￥1,999"
309,310,福島壱麺," 福島駅 112m / ラーメン、魚介料理・海鮮料理、日本酒バー
            ",3.72,514,～￥999,～￥999
310,311,梅田 ミックスジュース," 大阪梅田（阪神）駅 102m / ジュースバー
            ",3.72,476,～￥999,～￥999
311,312,お好み焼 きじ 梅田スカイビル店," 大阪駅 581m / お好み焼き、焼きそば
            ",3.72,432,"￥1,000～￥1,999","￥1,000～￥1,999"
312,313,中華そば 閃," あびこ駅 191m / ラーメン、つけ麺、油そば
            ",3.72,430,～￥999,～￥999
313,314,ル・ピノー 北堀江本店," 西大橋駅 326m / ケーキ、カフェ
            ",3.72,405,～￥999,～￥999
314,315,らーめん 小僧," 新福島駅 158m / ラーメン、つけ麺、油そば
            ",3.72,391,～￥999,～￥999
315,316,らーめん香澄 中崎町店," 中崎町駅 246m / ラーメン、油そば
            ",3.72,379,～￥999,～￥999
316,317,中華そば桐麺," 十三駅 139m / ラーメン、つけ麺
            ",3.72,351,"￥1,000～￥1,999","￥1,000～￥1,999"
317,318,馬鹿坊," 天神橋筋六丁目駅 268m / ラーメン、四川料理、中華料理
            ",3.72,334,"￥5,000～￥5,999","￥1,000～￥1,999"
318,319,ふく流らーめん 轍  総本家," 寺田町駅 139m / ラーメン、つけ麺、油そば
            ",3.72,331,"￥1,000～￥1,999",～￥999
319,320,田中の中華そば," 本町駅 521m / ラーメン
            ",3.72,324,～￥999,～￥999
320,321,縁乃助商店," 淡路駅 86m / ラーメン、つけ麺、油そば
            ",3.72,289,～￥999,～￥999
321,322,定食堂 金剛石," 松屋町駅 283m / カレーライス、定食・食堂
            ",3.72,287,"￥1,000～￥1,999","￥1,000～￥1,999"
322,323,さぼてん食堂," 肥後橋駅 290m / 欧風カレー、カレーライス
            ",3.72,285,"￥1,000～￥1,999","￥1,000～￥1,999"
323,324,らぁ麺屋 はりねずみ," 高槻駅 622m / ラーメン
            ",3.72,264,-,～￥999
324,325,和レー屋 南船場ゴヤクラ," 松屋町駅 380m / カレーライス
            ",3.72,254,-,～￥999
325,326,AT THE 21," 少路（大阪モノレール）駅 550m / お好み焼き、焼きそば
            ",3.72,248,"￥1,000～￥1,999","￥1,000～￥1,999"
326,327,パティスリー ショコラトリー オーディネール," 桜川駅 375m / ケーキ、チョコレート、カフェ・喫茶（その他）
            ",3.72,245,"￥2,000～￥2,999",～￥999
327,328,饂飩とお酒 からほり きぬ川," 谷町六丁目駅 276m / うどん、カレーうどん、おでん
            ",3.72,244,～￥999,～￥999
328,329,麺や 清流," 長瀬駅 307m / ラーメン、つけ麺
            ",3.72,241,～￥999,～￥999
329,330,讃岐うどん いってつ," 大阪狭山市 / うどん、カレーうどん、天ぷら
            ",3.72,227,"￥1,000～￥1,999",～￥999
330,331,レ・プティット・パピヨット," 肥後橋駅 466m / チョコレート、カフェ、ケーキ
            ",3.72,227,-,～￥999
331,332,たからや," 八尾南駅 402m / うどん、天ぷら、丼もの（その他）
            ",3.72,216,～￥999,"￥1,000～￥1,999"
332,333,Le Caneton," 谷町六丁目駅 192m / フレンチ
            ",3.72,213,"￥8,000～￥9,999","￥4,000～￥4,999"
333,334,爽月," 粉浜駅 90m / うどん、そば、居酒屋
            ",3.72,213,～￥999,～￥999
334,335,NAKAGAWA わず," ＪＲ淡路駅 90m / ラーメン
            ",3.72,209,～￥999,～￥999
335,336,うどん居酒屋 麦笑," 森ノ宮駅 442m / うどん、居酒屋、定食・食堂
            ",3.72,207,"￥2,000～￥2,999",～￥999
336,337,カレー屋バンバン," 大阪難波駅 201m / カレー（その他）
            ",3.72,193,-,"￥1,000～￥1,999"
337,338,プレザン," 高槻駅 113m / パン
            ",3.72,186,-,～￥999
338,339,肉匠なか田 本店," 大阪難波駅 183m / 焼肉、ステーキ、しゃぶしゃぶ
            ",3.72,181,"￥10,000～￥14,999",-
339,340,ニック&レネイ," 豊中市 / ハンバーガー
            ",3.72,177,"￥1,000～￥1,999","￥1,000～￥1,999"
340,341,お好み焼きもみじ," 谷町九丁目駅 222m / お好み焼き
            ",3.72,172,"￥2,000～￥2,999",-
341,342,中国菜　香味," 南森町駅 304m / 中華料理
            ",3.72,165,"￥3,000～￥3,999",～￥999
342,343,肉和食 月火水木金土日," 福島駅 49m / 牛料理、炭火焼き、和食（その他）
            ",3.72,153,"￥10,000～￥14,999","￥5,000～￥5,999"
343,344,レオーネ," 大江橋駅 232m / イノベーティブ・フュージョン、イタリアン、西洋各国料理（その他）
            ",3.72,132,"￥10,000～￥14,999",-
344,345,焼肉 かっぱ梶岡," 庄内駅 861m / 焼肉
            ",3.72,105,"￥8,000～￥9,999",-
345,346,沁ゆうき 本店," 中津（大阪メトロ）駅 94m / 割烹・小料理、居酒屋、魚介料理・海鮮料理
            ",3.72,104,"￥10,000～￥14,999",-
346,347,アマ・ルール," 渡辺橋駅 224m / スペイン料理
            ",3.72,102,"￥8,000～￥9,999","￥2,000～￥2,999"
347,348,LIAISON," 新福島駅 92m / フレンチ、モダンフレンチ
            ",3.72,101,"￥10,000～￥14,999","￥6,000～￥7,999"
348,349,同心亭," 桜ノ宮駅 377m / 焼肉
            ",3.72,86,"￥10,000～￥14,999",-
349,350,焼鳥 やまね," 天満駅 253m / 焼鳥
            ",3.72,71,"￥4,000～￥4,999",-
350,351,あま野," 新福島駅 216m / 寿司
            ",3.72,56,"￥20,000～￥29,999",-
351,352,バー・オーガスタ・ターロギー," 大阪梅田（阪急）駅 307m / バー
            ",3.72,53,"￥4,000～￥4,999",-
352,353,天ぷら 大坂屋 草哲," 福島駅 266m / 天ぷら、割烹・小料理、魚介料理・海鮮料理
            ",3.72,46,"￥10,000～￥14,999","￥5,000～￥5,999"
353,354,ラチェルバ," 大江橋駅 156m / イノベーティブ・フュージョン、イタリアン
            ",3.72,39,"￥10,000～￥14,999",-
354,355,懐食　清水," 大江橋駅 162m / 懐石・会席料理
            ",3.72,37,"￥15,000～￥19,999",-
355,356,RiVi," 肥後橋駅 501m / イノベーティブ・フュージョン、フレンチ、イタリアン
            ",3.72,36,"￥10,000～￥14,999","￥5,000～￥5,999"
356,357,焼鳥こくれ," 福島駅 270m / 焼鳥、鳥料理、割烹・小料理
            ",3.72,35,"￥6,000～￥7,999",-
357,358,食堂 たのし," 大江橋駅 161m / 割烹・小料理、居酒屋、創作料理
            ",3.72,34,"￥10,000～￥14,999",-
358,359,半蔵," 西大橋駅 291m / 焼肉、すき焼き、炭火焼き
            ",3.72,32,"￥15,000～￥19,999",-
359,360,かわ原," 中津（大阪メトロ）駅 377m / 懐石・会席料理
            ",3.72,30,"￥20,000～￥29,999","￥8,000～￥9,999"
360,361,長樂," 北新地駅 85m / 懐石・会席料理、おでん
            ",3.72,23,"￥15,000～￥19,999",-
361,362,RESTAURANT LES SOUVENIRS," 北新地駅 175m / フレンチ
            ",3.72,10,"￥20,000～￥29,999","￥10,000～￥14,999"
362,363,らーめん鱗 茨木店," 茨木市駅 223m / ラーメン
            ",3.71,561,～￥999,～￥999
363,364,クレープリー・スタンド シャンデレール 梅田店," 大阪梅田（阪急）駅 271m / クレープ、カフェ、フレンチ
            ",3.71,476,"￥1,000～￥1,999","￥1,000～￥1,999"
364,365,本町製麺所 本店," 堺筋本町駅 330m / うどん、カレーうどん、おでん
            ",3.71,443,～￥999,～￥999
365,366,麺や拓," 西長堀駅 316m / ラーメン、つけ麺
            ",3.71,429,～￥999,～￥999
366,367,麺と心 7," 阿倍野駅 394m / ラーメン
            ",3.71,416,"￥1,000～￥1,999","￥1,000～￥1,999"
367,368,ブーランジュリー パリゴ," 四天王寺前夕陽ケ丘駅 323m / パン、サンドイッチ
            ",3.71,351,～￥999,～￥999
368,369,六覺燈," 近鉄日本橋駅 158m / 串揚げ・串かつ、ワインバー、和食（その他）
            ",3.71,343,"￥10,000～￥14,999","￥5,000～￥5,999"
369,370,ブーランジュリー&カフェ グウ," 谷町四丁目駅 190m / パン、サンドイッチ、カフェ
            ",3.71,340,～￥999,～￥999
370,371,創作ラーメン STYLE林 本店," 塚本駅 57m / ラーメン、つけ麺、汁なし担々麺
            ",3.71,330,～￥999,～￥999
371,372,麺道 而今 総本家," 四ツ橋駅 172m / ラーメン、つけ麺
            ",3.71,321,～￥999,～￥999
372,373,麺厨房 華燕," 高槻市 / ラーメン、担々麺、汁なし担々麺
            ",3.71,319,～￥999,～￥999
373,374,麺屋 一慶," 茨木市駅 380m / ラーメン、つけ麺
            ",3.71,311,～￥999,～￥999
374,375,アルバロンガ," 心斎橋駅 198m / イタリアン、パスタ、ダイニングバー
            ",3.71,304,"￥6,000～￥7,999","￥2,000～￥2,999"
375,376,キャトルラパン," 大江橋駅 168m / フレンチ、ビストロ、ステーキ
            ",3.71,303,"￥6,000～￥7,999",～￥999
376,377,醤油と貝と麺 そして人と夢," 塚本駅 157m / ラーメン、つけ麺
            ",3.71,302,～￥999,～￥999
377,378,麺麓menroku," 枚方市 / ラーメン、つけ麺
            ",3.71,300,"￥1,000～￥1,999","￥1,000～￥1,999"
378,379,ル・ブーランジェ・ドゥ・モンジュ うめだ阪急店," 梅田駅 78m / パン、サンドイッチ
            ",3.71,274,～￥999,～￥999
379,380,ミキ フルーツ カフェ," 西大橋駅 158m / フルーツパーラー、サンドイッチ、パフェ
            ",3.71,271,-,"￥1,000～￥1,999"
380,381,北新地　串かつ凡," 北新地駅 209m / 串揚げ・串かつ、和食（その他）
            ",3.71,247,"￥15,000～￥19,999",-
381,382,大阪 聘珍樓," 西梅田駅 83m / 広東料理、中華料理、飲茶・点心
            ",3.71,239,"￥10,000～￥14,999","￥5,000～￥5,999"
382,383,スパイス料理ナッラマナム," 堺筋本町駅 410m / 南アジア料理（その他）、インドカレー、スリランカ料理
            ",3.71,232,"￥5,000～￥5,999","￥1,000～￥1,999"
383,384,らーめん工房 RISE," 近鉄八尾駅 826m / ラーメン、つけ麺、丼もの（その他）
            ",3.71,229,～￥999,～￥999
384,385,トラットリア チェーロ," 西中島南方駅 377m / イタリアン、牛料理、パスタ
            ",3.71,228,"￥5,000～￥5,999","￥1,000～￥1,999"
385,386,ラ・フルネ," 肥後橋駅 305m / パン、ケーキ
            ",3.71,226,"￥1,000～￥1,999",～￥999
386,387,ビストロ シャンパーニュ," 北新地駅 139m / ビストロ、フレンチ、イタリアン
            ",3.71,220,"￥6,000～￥7,999","￥2,000～￥2,999"
387,388,ガレリア 富田林," 富田林市 / ピザ、イタリアン
            ",3.71,217,"￥3,000～￥3,999","￥1,000～￥1,999"
388,389,ノムソン カリー," 四天王寺前夕陽ケ丘駅 583m / カレーライス、カフェ、喫茶店
            ",3.71,210,-,～￥999
389,390,さぬき手打ちうどん 銭形," 服部天神駅 253m / うどん、カレーうどん、うどんすき
            ",3.71,209,"￥1,000～￥1,999","￥1,000～￥1,999"
390,391,こちかぜ," 玉造（大阪メトロ）駅 539m / カフェ、割烹・小料理、和菓子
            ",3.71,204,-,"￥1,000～￥1,999"
391,392,うどん日和," 吉田駅 352m / うどん、天ぷら
            ",3.71,203,～￥999,～￥999
392,393,セイイチロウ ニシゾノ," 肥後橋駅 458m / ケーキ
            ",3.71,201,"￥1,000～￥1,999","￥1,000～￥1,999"
393,394,ピッツェリア ダ ティグレ," 西大橋駅 210m / ピザ
            ",3.71,195,"￥1,000～￥1,999","￥1,000～￥1,999"
394,395,ルポンドシエル," 北浜駅 396m / フレンチ、洋食、創作料理
            ",3.71,194,"￥20,000～￥29,999","￥10,000～￥14,999"
395,396,谷口カレー," 北浜駅 556m / カレーライス
            ",3.71,193,-,～￥999
396,397,ボナボナ," 西大橋駅 128m / カレーライス、インドカレー、カレー（その他）
            ",3.71,192,～￥999,～￥999
397,398,かみなり中華そば店," 長居駅 454m / ラーメン、つけ麺
            ",3.71,191,-,～￥999
398,399,サッチェズカリー," 中崎町駅 324m / インドカレー、カフェ、南アジア料理（その他）
            ",3.71,188,"￥1,000～￥1,999",～￥999
399,400,活麺富蔵," 四条畷駅 228m / うどん、天ぷら、創作料理
            ",3.71,185,"￥1,000～￥1,999",～￥999
400,401,浪花屋," 長居駅 170m / たこ焼き
            ",3.71,183,～￥999,～￥999
401,402,桂ちゃん," 長原駅 107m / うどん、おにぎり
            ",3.71,153,～￥999,～￥999
402,403,ラ・ベカス," 淀屋橋駅 462m / フレンチ、モダンフレンチ、イノベーティブ・フュージョン
            ",3.71,143,"￥20,000～￥29,999","￥10,000～￥14,999"
403,404,ラーメン哲史," 庄内駅 939m / ラーメン
            ",3.71,141,"￥1,000～￥1,999","￥1,000～￥1,999"
404,405,Bullet," 肥後橋駅 277m / 四川料理、中華料理
            ",3.71,92,"￥10,000～￥14,999","￥1,000～￥1,999"
405,406,セント レジス ホテル 大阪," 本町駅 71m / 旅館、オーベルジュ、旅館・オーベルジュ（その他）
            ",3.71,75,"￥100,000～",-
406,407,堂島サンボア," 北新地駅 261m / バー
            ",3.71,60,"￥1,000～￥1,999","￥2,000～￥2,999"
407,408,マカウダ," 谷町四丁目駅 272m / イタリアン
            ",3.71,58,"￥5,000～￥5,999","￥1,000～￥1,999"
408,409,クラッティーニ," 北新地駅 234m / イタリアン
            ",3.71,50,"￥15,000～￥19,999",-
409,410,鮨 ひじり," 福島駅 434m / 寿司、魚介料理・海鮮料理、割烹・小料理
            ",3.71,49,"￥20,000～￥29,999","￥20,000～￥29,999"
410,411,黒毛和牛専門店 炭火焼肉 りきちゃん," 蛍池駅 319m / 焼肉
            ",3.71,42,"￥15,000～￥19,999",-
411,412,ピ・グレコ," なにわ橋駅 338m / イタリアン
            ",3.71,41,"￥15,000～￥19,999","￥10,000～￥14,999"
412,413,天太," 北新地駅 196m / 韓国料理、韓国鍋、アジア・エスニック料理（その他）
            ",3.71,40,"￥30,000～￥39,999",-
413,414,烏賊食堂," 今宮戎駅 303m / 魚介料理・海鮮料理、居酒屋、中華料理
            ",3.71,38,"￥6,000～￥7,999",-
414,415,鮨 実紀," 北新地駅 207m / 寿司
            ",3.71,33,"￥15,000～￥19,999",-
415,416,寿し処すみれ," 大江橋駅 302m / 寿司
            ",3.71,25,"￥10,000～￥14,999",-
416,417,川添," 北新地駅 268m / 創作料理、割烹・小料理、魚介料理・海鮮料理
            ",3.71,24,"￥10,000～￥14,999",-
417,418,酒と女と鶏と麺," 北新地駅 87m / 韓国鍋、韓国料理、鳥料理
            ",3.71,22,"￥15,000～￥19,999",-
418,419,韓式料理 サン," 扇町駅 473m / 韓国料理、創作料理
            ",3.71,21,"￥10,000～￥14,999",-
419,420,千とせ 本店," 難波（南海）駅 209m / うどん、そば
            ",3.70,830,～￥999,～￥999
420,421,みつ星製麺所 福島本店," 福島駅 279m / ラーメン、つけ麺
            ",3.70,529,～￥999,～￥999
421,422,北浜レトロ," 北浜駅 44m / 紅茶専門店、ケーキ、サンドイッチ
            ",3.70,521,"￥1,000～￥1,999","￥1,000～￥1,999"
422,423,curry restaurant BRUNO HEP NAVIO店," 梅田駅 201m / 欧風カレー、カレー（その他）
            ",3.70,471,"￥1,000～￥1,999","￥1,000～￥1,999"
423,424,Ramen 辻," 谷町四丁目駅 150m / ラーメン、つけ麺
            ",3.70,406,～￥999,～￥999
424,425,なにわ 麺次郎," 大阪難波駅 88m / ラーメン、つけ麺
            ",3.70,364,～￥999,～￥999
425,426,まん福ベーカリー," 北浜駅 335m / パン、サンドイッチ
            ",3.70,347,～￥999,～￥999
426,427,旧ヤム邸 中之島洋館," 渡辺橋駅 187m / カレーライス、インドカレー、タイカレー
            ",3.70,334,-,"￥1,000～￥1,999"
427,428,万両 天神橋店," 南森町駅 146m / 焼肉、韓国料理、ホルモン
            ",3.70,304,"￥4,000～￥4,999",-
428,429,烈火 城東店," 蒲生四丁目駅 157m / ラーメン、つけ麺
            ",3.70,303,～￥999,～￥999
429,430,自家製粉石臼挽きうどん 青空blue 本店," 肥後橋駅 404m / うどん、うどんすき、居酒屋
            ",3.70,295,"￥4,000～￥4,999","￥1,000～￥1,999"
430,431,北新地たゆたゆ," 大江橋駅 281m / 焼きとん、炭火焼き、居酒屋
            ",3.70,295,"￥4,000～￥4,999",-
431,432,サミープー," 四ツ橋駅 411m / カフェ、パン、バル・バール
            ",3.70,285,"￥2,000～￥2,999",～￥999
432,433,西中島 光龍益," 西中島南方駅 275m / ラーメン、つけ麺
            ",3.70,280,～￥999,～￥999
433,434,き田たけうどん," 難波（南海）駅 252m / うどん、日本酒バー
            ",3.70,262,-,～￥999
434,435,はり重 道頓堀本店," 大阪難波駅 194m / すき焼き、しゃぶしゃぶ、割烹・小料理
            ",3.70,243,"￥8,000～￥9,999","￥6,000～￥7,999"
435,436,尾道ラーメン 山長," 守口市駅 236m / ラーメン
            ",3.70,242,～￥999,～￥999
436,437,麺哲支店 麺野郎," 池田市 / つけ麺、ラーメン、魚介料理・海鮮料理
            ",3.70,240,"￥1,000～￥1,999","￥1,000～￥1,999"
437,438,創作中華　縁," 心斎橋駅 268m / 四川料理、担々麺
            ",3.70,233,"￥4,000～￥4,999",-
438,439,手打ちうどん 紅屋," 滝井駅 70m / うどん、カレーうどん、天ぷら
            ",3.70,232,～￥999,～￥999
439,440,ゴジュウニチョウメベーカリー," 谷町四丁目駅 322m / パン、ベーグル、サンドイッチ
            ",3.70,222,～￥999,～￥999
440,441,うどん居酒屋 江戸堀," 肥後橋駅 370m / うどん、居酒屋、鍋（その他）
            ",3.70,216,"￥2,000～￥2,999",～￥999
441,442,カンテ・グランデ ベーカリー," 中津（阪急）駅 440m / パン、サンドイッチ、洋菓子（その他）
            ",3.70,215,-,～￥999
442,443,福太郎 なんばダイニングメゾン店," 難波（南海）駅 110m / お好み焼き、鉄板焼き、ステーキ
            ",3.70,207,"￥2,000～￥2,999","￥1,000～￥1,999"
443,444,ダン ル シエル," 大阪城北詰駅 248m / フレンチ
            ",3.70,205,"￥8,000～￥9,999","￥1,000～￥1,999"
444,445,KUCHE," 上新庄駅 333m / ラーメン、つけ麺
            ",3.70,201,～￥999,"￥1,000～￥1,999"
445,446,マツシタキッチン," 玉造（ＪＲ）駅 197m / 洋菓子（その他）、かき氷、カフェ
            ",3.70,195,-,～￥999
446,447,ガネーシュ m 北浜店," 北浜駅 418m / カレーライス、カフェ、カレー（その他）
            ",3.70,192,"￥1,000～￥1,999","￥1,000～￥1,999"
447,448,コム・シノワ 高島屋大阪店," 難波（南海）駅 82m / ケーキ、パン
            ",3.70,183,"￥2,000～￥2,999",～￥999
448,449,麺や なないち," 茨木市駅 444m / ラーメン
            ",3.70,179,"￥1,000～￥1,999",～￥999
449,450,そば切り 天笑," 枚方市駅 308m / そば
            ",3.70,178,-,"￥1,000～￥1,999"
450,451,ラ・フェット ひらまつ," 渡辺橋駅 189m / フレンチ、モダンフレンチ、イノベーティブ・フュージョン
            ",3.70,175,"￥10,000～￥14,999","￥5,000～￥5,999"
451,452,うどん蔵ふじたや," 岸和田駅 377m / うどん、カレーうどん、天ぷら
            ",3.70,172,～￥999,～￥999
452,453,ルルット," 中之島駅 599m / パン、洋菓子（その他）
            ",3.70,171,～￥999,～￥999
453,454,上方レインボー," 桃谷駅 425m / ラーメン
            ",3.70,171,～￥999,～￥999
454,455,中國菜 心香," 南森町駅 286m / 中華料理、魚介料理・海鮮料理、四川料理
            ",3.70,168,"￥10,000～￥14,999","￥1,000～￥1,999"
455,456,象屋," 玉出駅 90m / お好み焼き、焼きそば
            ",3.70,166,"￥1,000～￥1,999","￥1,000～￥1,999"
456,457,ワサビ," 大阪難波駅 318m / 串揚げ・串かつ
            ",3.70,155,"￥15,000～￥19,999",-
457,458,自家製麺 つきよみ," 上新庄駅 542m / つけ麺、ラーメン、餃子
            ",3.70,145,～￥999,～￥999
458,459,喜蕎麦司 きし元," 西中島南方駅 300m / ラーメン
            ",3.70,142,-,～￥999
459,460,美々卯 本店," 本町駅 438m / うどんすき、うどん、しゃぶしゃぶ
            ",3.70,141,"￥6,000～￥7,999","￥1,000～￥1,999"
460,461,金彩," 天神橋筋六丁目駅 346m / ラーメン、つけ麺
            ",3.70,139,～￥999,～￥999
461,462,麺や 一想," 久宝寺口駅 24m / ラーメン
            ",3.70,133,～￥999,～￥999
462,463,割烹むつごろう," 北新地駅 108m / 割烹・小料理、魚介料理・海鮮料理、和食（その他）
            ",3.70,132,"￥15,000～￥19,999","￥1,000～￥1,999"
463,464,浪速割烹 喜川," 日本橋駅 318m / 割烹・小料理
            ",3.70,126,"￥15,000～￥19,999","￥8,000～￥9,999"
464,465,うえしま," 心斎橋駅 244m / 串揚げ・串かつ
            ",3.70,124,"￥10,000～￥14,999",-
465,466,中国料理 かなめ," 御幣島駅 766m / 中華料理、広東料理
            ",3.70,118,"￥10,000～￥14,999",-
466,467,ア・ラ・ルーシュ," あびこ駅 326m / フレンチ
            ",3.70,116,"￥8,000～￥9,999","￥5,000～￥5,999"
467,468,TRATTORIA AL SODO ," 中之島駅 429m / イタリアン、パスタ、創作料理
            ",3.70,111,"￥4,000～￥4,999",～￥999
468,469,あじ平," 北巽駅 352m / ふぐ、鍋（その他）
            ",3.70,110,"￥8,000～￥9,999",-
469,470,新和食 きくい," 京橋駅 378m / 割烹・小料理、創作料理、馬肉料理
            ",3.70,101,"￥10,000～￥14,999",-
470,471,おおさか料理  浅井," 長堀橋駅 310m / 割烹・小料理
            ",3.70,90,"￥10,000～￥14,999",-
471,472,鮨 惣五郎," 北新地駅 106m / 寿司、魚介料理・海鮮料理、割烹・小料理
            ",3.70,88,"￥20,000～￥29,999",-
472,473,鮨処 平野," 北新地駅 265m / 寿司
            ",3.70,84,"￥20,000～￥29,999",-
473,474,吉野鯗," 本町駅 416m / 寿司、懐石・会席料理、魚介料理・海鮮料理
            ",3.70,79,-,"￥2,000～￥2,999"
474,475,魚々麺 園," 布施駅 344m / ラーメン
            ",3.70,73,"￥1,000～￥1,999","￥1,000～￥1,999"
475,476,レストラン 西本," 枚方市 / フレンチ、創作料理、中華料理
            ",3.70,67,"￥4,000～￥4,999","￥2,000～￥2,999"
476,477,ラボンヌターシュ," なにわ橋駅 344m / フレンチ、ビストロ、ワインバー
            ",3.70,67,"￥6,000～￥7,999",-
477,478,宮崎尾崎牛 肉割烹 吟 難波店," 大阪難波駅 144m / 焼肉、割烹・小料理、ステーキ
            ",3.70,64,"￥8,000～￥9,999",-
478,479,そば切り 岳空," 谷町六丁目駅 259m / そば
            ",3.70,62,-,"￥2,000～￥2,999"
479,480,きみや 大阪本店 ," 中崎町駅 497m / 焼肉、ホルモン、居酒屋
            ",3.70,61,"￥20,000～￥29,999",-
480,481,入道," 中崎町駅 292m / 割烹・小料理
            ",3.70,56,"￥8,000～￥9,999","￥1,000～￥1,999"
481,482,炭火焼 鳥清," 長堀橋駅 174m / 焼鳥、居酒屋、創作料理
            ",3.70,52,"￥6,000～￥7,999",-
482,483,北新地　鮨　なか川," 北新地駅 99m / 寿司、懐石・会席料理、割烹・小料理
            ",3.70,50,"￥15,000～￥19,999",-
483,484,蔵 鉄板焼＆寿司," 渡辺橋駅 87m / 鉄板焼き、寿司、和食（その他）
            ",3.70,47,"￥8,000～￥9,999","￥6,000～￥7,999"
484,485,かが万," 大江橋駅 214m / 懐石・会席料理、割烹・小料理、魚介料理・海鮮料理
            ",3.70,38,"￥15,000～￥19,999","￥5,000～￥5,999"
485,486,ふく吉," 大江橋駅 436m / 寿司、魚介料理・海鮮料理、和食（その他）
            ",3.70,36,"￥20,000～￥29,999",-
486,487,老松みやもと," 大江橋駅 448m / 焼鳥
            ",3.70,24,"￥10,000～￥14,999",-
487,488,京町料理 みつや," 肥後橋駅 425m / 懐石・会席料理
            ",3.70,24,"￥15,000～￥19,999","￥8,000～￥9,999"
488,489,たてもと," 天下茶屋駅 218m / ふぐ、割烹・小料理、懐石・会席料理
            ",3.70,24,"￥20,000～￥29,999",-
489,490,このは," 堺筋本町駅 216m / 割烹・小料理
            ",3.70,15,"￥20,000～￥29,999","￥5,000～￥5,999"
490,491,よし光," 大江橋駅 344m / ふぐ
            ",3.70,12,"￥30,000～￥39,999",-
491,492,味乃家 本店," 大阪難波駅 183m / お好み焼き、焼きそば、鉄板焼き
            ",3.69,711,"￥3,000～￥3,999","￥1,000～￥1,999"
492,493,銀座 篝 ルクア大阪店," 大阪駅 57m / ラーメン
            ",3.69,604,-,～￥999
493,494,麺座ぎん," 堺東駅 170m / つけ麺、油そば、ラーメン
            ",3.69,446,"￥1,000～￥1,999",～￥999
494,495,ゼー六 本町店," 堺筋本町駅 291m / 喫茶店、アイスクリーム、カフェ
            ",3.69,389,～￥999,～￥999
495,496,epais," 北新地駅 299m / とんかつ、洋食、カレー（その他）
            ",3.69,377,"￥3,000～￥3,999","￥2,000～￥2,999"
496,497,うどん 兎麦 阪急三番街店," 大阪梅田（阪急）駅 117m / うどん、カレーうどん、和食（その他）
            ",3.69,340,"￥1,000～￥1,999",～￥999
497,498,泉北堂 本店," 泉ケ丘駅 894m / パン、カフェ、サンドイッチ
            ",3.69,339,-,～￥999
498,499,麺ファクトリー ジョーズ," 谷町六丁目駅 393m / つけ麺、ラーメン、油そば
            ",3.69,313,～￥999,～￥999
499,500,松竹堂 吹田山田本店," 万博記念公園駅 893m / 和菓子、大福
            ",3.69,268,-,"￥1,000～￥1,999"
500,501,友愛亭," 恵美須町駅 425m / ラーメン
            ",3.69,261,"￥1,000～￥1,999","￥1,000～￥1,999"
501,502,布施 細見商店," 布施駅 260m / ラーメン、つけ麺
            ",3.69,260,～￥999,～￥999
502,503,麺と肉 大鶴 鶴橋店," 鶴橋駅 104m / ラーメン、油そば
            ",3.69,258,～￥999,～￥999
503,504,アイリッシュ カレー 中津店," 中津（大阪メトロ）駅 202m / 欧風カレー、パブ、西洋各国料理（その他）
            ",3.69,254,"￥1,000～￥1,999","￥1,000～￥1,999"
504,505,らくしゅみ," 西大橋駅 250m / カレーライス、インド料理、ネパール料理
            ",3.69,242,-,"￥1,000～￥1,999"
505,506,平岡珈琲店," 本町駅 289m / 喫茶店、コーヒー専門店、ドーナツ
            ",3.69,231,～￥999,～￥999
506,507,大衆食堂 瓦町ブラン," 本町駅 327m / 洋食・欧風料理（その他）、バル・バール
            ",3.69,229,"￥3,000～￥3,999",～￥999
507,508,アド・パンデュース," 淀屋橋駅 92m / パン、サンドイッチ、カフェ
            ",3.69,229,～￥999,～￥999
508,509,焼肉たきもと," 堺市駅 532m / 焼肉、ホルモン
            ",3.69,218,"￥6,000～￥7,999",～￥999
509,510,パティスリー・ラ プラージュ," 谷町四丁目駅 362m / ケーキ
            ",3.69,218,～￥999,～￥999
510,511,アララギ," 松屋町駅 137m / カレーライス、アジア・エスニック料理（その他）、バー
            ",3.69,217,"￥1,000～￥1,999","￥1,000～￥1,999"
511,512,山斗," 西大橋駅 270m / うどん、カレーうどん
            ",3.69,207,～￥999,～￥999
512,513,焼肉懐石 梅田 但馬屋," 東梅田駅 272m / 焼肉、牛料理、ステーキ
            ",3.69,206,"￥15,000～￥19,999",-
513,514,中華そば ココカラサキエ," 三国駅 803m / ラーメン
            ",3.69,206,～￥999,～￥999
514,515,ル・ジャルダン," 四ツ橋駅 230m / フレンチ
            ",3.69,198,"￥10,000～￥14,999","￥3,000～￥3,999"
515,516,ビクトリー," 肥後橋駅 339m / サンドイッチ、喫茶店、カフェ・喫茶（その他）
            ",3.69,198,～￥999,～￥999
516,517,ラ ピッツァ ナポレターナ レガロ," 新福島駅 284m / ピザ、イタリアン
            ",3.69,194,"￥1,000～￥1,999","￥1,000～￥1,999"
517,518,うどん家あぶく," 阿波座駅 453m / うどん、天ぷら・揚げ物（その他）、居酒屋
            ",3.69,187,～￥999,～￥999
518,519,モール&ホソイコーヒーズ," 淀屋橋駅 286m / 喫茶店、コーヒー専門店、カフェ
            ",3.69,183,～￥999,～￥999
519,520,ハッピーキャンパーベーグル," 扇町駅 272m / ベーグル
            ",3.69,182,-,～￥999
520,521,らーめん これこれ," 江坂駅 270m / ラーメン
            ",3.69,182,"￥1,000～￥1,999","￥1,000～￥1,999"
521,522,ゆうすけ," 南方駅 104m / うどん、カレーうどん
            ",3.69,170,～￥999,～￥999
522,523,ジュエ ボワット," 高槻市駅 367m / パン、サンドイッチ
            ",3.69,169,-,～￥999
523,524,ナミニノカレー," 天神橋筋六丁目駅 224m / カレーライス
            ",3.69,166,-,"￥1,000～￥1,999"
524,525,モリ商店," なにわ橋駅 449m / カレーライス、カフェ
            ",3.69,165,"￥1,000～￥1,999",～￥999
525,526,別邸 三く 中華き蕎麦 萃," 新福島駅 228m / ラーメン
            ",3.69,155,"￥1,000～￥1,999","￥1,000～￥1,999"
526,527,パティスリー アクイユ," 西大橋駅 126m / ケーキ、チョコレート、カフェ・喫茶（その他）
            ",3.69,149,"￥1,000～￥1,999","￥1,000～￥1,999"
527,528,SAKURA," 大阪ビジネスパーク駅 272m / フレンチ、ステーキ、モダンフレンチ
            ",3.69,148,"￥15,000～￥19,999","￥5,000～￥5,999"
528,529,カレーちゃん家," 寺田町駅 566m / カレーライス、バー
            ",3.69,147,"￥1,000～￥1,999",～￥999
529,530,ツマガリ 大丸梅田店," 大阪梅田（阪神）駅 108m / 洋菓子（その他）
            ",3.69,142,"￥1,000～￥1,999",～￥999
530,531,ラーマ," 中之島駅 379m / カレーライス
            ",3.69,132,-,"￥1,000～￥1,999"
531,532,トロワ ブーランジェリー," 平野（大阪メトロ）駅 676m / パン、カフェ、サンドイッチ
            ",3.69,129,-,～￥999
532,533,山口カリー," 大阪天満宮駅 138m / カレーライス
            ",3.69,121,"￥1,000～￥1,999","￥1,000～￥1,999"
533,534,パンとお話 アップルの発音," 平野（大阪メトロ）駅 296m / パン
            ",3.69,120,"￥1,000～￥1,999",～￥999
534,535,墨や," 大阪難波駅 150m / 寿司、魚介料理・海鮮料理、割烹・小料理
            ",3.69,115,"￥8,000～￥9,999",-
535,536,安兵衛," 西九条駅 99m / 焼肉、ホルモン
            ",3.69,115,"￥5,000～￥5,999",-
536,537,彩哲," 吹田（ＪＲ）駅 183m / ラーメン
            ",3.69,108,"￥1,000～￥1,999","￥1,000～￥1,999"
537,538,とんかつ中村," 千林大宮駅 213m / とんかつ
            ",3.69,103,"￥2,000～￥2,999","￥2,000～￥2,999"
538,539,キルシュブリューテ," 西長堀駅 248m / パン、サンドイッチ、パン・サンドイッチ（その他）
            ",3.69,95,-,～￥999
539,540,和み酒 仁," 北新地駅 245m / 割烹・小料理、居酒屋、魚介料理・海鮮料理
            ",3.69,94,"￥10,000～￥14,999","￥1,000～￥1,999"
540,541,越中屋 ," 天下茶屋駅 209m / 寿司
            ",3.69,93,"￥6,000～￥7,999","￥1,000～￥1,999"
541,542,北新地サンボア," 北新地駅 257m / バー
            ",3.69,87,"￥2,000～￥2,999","￥1,000～￥1,999"
542,543,ままごとや," 心斎橋駅 105m / 割烹・小料理、魚介料理・海鮮料理
            ",3.69,73,"￥10,000～￥14,999",-
543,544,日本酒餐昧うつつよ," 本町駅 185m / 居酒屋、日本酒バー
            ",3.69,73,"￥6,000～￥7,999",-
544,545,寿司常," 大阪天満宮駅 89m / 寿司
            ",3.69,62,-,"￥1,000～￥1,999"
545,546,溢彩流香," 富田駅 359m / 中華料理、餃子
            ",3.69,61,"￥5,000～￥5,999",-
546,547,旬菜バール リカリカーレ," 天神橋筋六丁目駅 221m / バル・バール、イタリアン
            ",3.69,45,"￥3,000～￥3,999",-
547,548,鮨知春," 鴫野駅 267m / 寿司
            ",3.69,41,"￥15,000～￥19,999",-
548,549,そば切り 鴨嘴," 美章園駅 200m / そば
            ",3.69,38,"￥2,000～￥2,999",～￥999
549,550,季節料理 薗," 十三駅 82m / 割烹・小料理、魚介料理・海鮮料理、寿司
            ",3.69,33,"￥10,000～￥14,999",-
550,551,五感 北浜本館," 北浜駅 126m / ケーキ、和菓子、カフェ・喫茶（その他）
            ",3.68,873,-,"￥1,000～￥1,999"
551,552,らーめん鱗 西中島店," 西中島南方駅 202m / ラーメン
            ",3.68,509,～￥999,～￥999
552,553,鯛白湯らーめん ○de▽," 新大阪駅 557m / ラーメン、つけ麺
            ",3.68,346,～￥999,～￥999
553,554,麺喰い メン太ジスタ," 玉造（大阪メトロ）駅 121m / ラーメン、油そば、餃子
            ",3.68,318,～￥999,～￥999
554,555,けとばし屋チャンピオン 福島店," 福島駅 109m / 馬肉料理、焼肉
            ",3.68,315,"￥4,000～￥4,999",-
555,556,世界が麺で満ちる時," 淡路駅 107m / ラーメン、油そば
            ",3.68,283,～￥999,～￥999
556,557,炭火焼とり 安喜," あびこ駅 47m / 焼鳥、鳥料理
            ",3.68,266,"￥3,000～￥3,999",-
557,558,エチョラ," 本町駅 299m / スペイン料理、魚介料理・海鮮料理、ステーキ
            ",3.68,256,"￥8,000～￥9,999","￥3,000～￥3,999"
558,559,善道," 北新地駅 219m / 中華料理、四川料理、担々麺
            ",3.68,255,"￥4,000～￥4,999",-
559,560,そらの星," 千林大宮駅 451m / ラーメン
            ",3.68,252,"￥1,000～￥1,999",～￥999
560,561,万両 東天満店," 天満橋駅 499m / 焼肉
            ",3.68,237,"￥4,000～￥4,999",-
561,562,ル プルミエ カフェ in ビギ・ファースト," 心斎橋駅 128m / 喫茶店、コーヒー専門店、カフェ
            ",3.68,232,～￥999,"￥1,000～￥1,999"
562,563,麺匠 パスタバカ一代," 四ツ橋駅 405m / パスタ、イタリアン
            ",3.68,219,"￥1,000～￥1,999",～￥999
563,564,ヤドカリー 天満橋本店," 天満橋駅 149m / カレーライス、カレー（その他）
            ",3.68,211,-,～￥999
564,565,らーめん 伊藝," 中津（阪急）駅 585m / ラーメン、からあげ、つけ麺
            ",3.68,210,～￥999,～￥999
565,566,ついてる中山," 滝井駅 276m / ラーメン、つけ麺
            ",3.68,197,～￥999,～￥999
566,567,アアベルカレー," 九条（大阪メトロ）駅 108m / カレーライス、インドカレー
            ",3.68,197,-,"￥1,000～￥1,999"
567,568,京松蘭 本店," 京橋駅 193m / 焼肉、ホルモン
            ",3.68,197,"￥6,000～￥7,999",-
568,569,王様のスプーン," 南森町駅 371m / カレーライス、スープカレー
            ",3.68,188,-,"￥1,000～￥1,999"
569,570,ラーメン あおやま," 樟葉駅 726m / ラーメン
            ",3.68,187,～￥999,～￥999
570,571,うつ輪," 東貝塚駅 448m / うどん、天ぷら、丼もの（その他）
            ",3.68,186,～￥999,～￥999
571,572,松蘭," 小路（大阪メトロ）駅 107m / 焼肉、ホルモン、冷麺
            ",3.68,184,"￥5,000～￥5,999",-
572,573,フーロン," 北新地駅 229m / 中華料理、広東料理、上海料理
            ",3.68,174,"￥8,000～￥9,999","￥1,000～￥1,999"
573,574,ジョエル," 淀屋橋駅 100m / ケーキ、チョコレート、洋菓子（その他）
            ",3.68,171,"￥1,000～￥1,999","￥1,000～￥1,999"
574,575,つきろう," 北加賀屋駅 418m / うどん、カレーうどん、天ぷら
            ",3.68,162,"￥1,000～￥1,999","￥1,000～￥1,999"
575,576,あいまい," 大阪天満宮駅 221m / カレーライス
            ",3.68,157,"￥1,000～￥1,999","￥1,000～￥1,999"
576,577,麺くい やまちゃん," 堺東駅 659m / うどん、天ぷら、親子丼
            ",3.68,146,"￥1,000～￥1,999","￥1,000～￥1,999"
577,578,ラーメン ガモウスマイル," 蒲生四丁目駅 85m / ラーメン
            ",3.68,142,-,～￥999
578,579,釜揚うどん 一心," 長居駅 331m / うどん、和食（その他）
            ",3.68,142,"￥1,000～￥1,999",～￥999
579,580,麺匠 やしま," 守口駅 571m / うどん、うどんすき、天丼・天重
            ",3.68,140,"￥1,000～￥1,999",～￥999
580,581,辛口飯屋 森元," なにわ橋駅 412m / カレーライス
            ",3.68,139,-,～￥999
581,582,和牛 まつした 上通り店," 北新地駅 112m / 焼肉、すき焼き、しゃぶしゃぶ
            ",3.68,133,"￥8,000～￥9,999","￥1,000～￥1,999"
582,583,味酒 かむなび," 谷町六丁目駅 333m / 居酒屋
            ",3.68,133,"￥10,000～￥14,999",-
583,584,炭火焼鳥コクレ," 新福島駅 96m / 焼鳥
            ",3.68,132,"￥5,000～￥5,999",-
584,585,麺処 ほんだ," 平野（大阪メトロ）駅 160m / ラーメン
            ",3.68,129,"￥1,000～￥1,999","￥1,000～￥1,999"
585,586,純愛うどん なでしこ," 布施駅 260m / うどん、カレーうどん、かつ丼・かつ重
            ",3.68,124,～￥999,～￥999
586,587,cocoo cafe," 阿波座駅 642m / カフェ、かき氷、コーヒー専門店
            ",3.68,122,"￥1,000～￥1,999","￥1,000～￥1,999"
587,588,百薫香辛食堂," 本町駅 101m / カレーライス、カレー（その他）
            ",3.68,105,"￥1,000～￥1,999",～￥999
588,589,アンナプルナ," 大阪天満宮駅 286m / インドカレー、カレーライス、カレー（その他）
            ",3.68,102,-,～￥999
589,590,さかなや　いぬい," 西梅田駅 343m / 魚介料理・海鮮料理、居酒屋、ラーメン
            ",3.68,93,"￥8,000～￥9,999",-
590,591,炭火焼鳥 いこか," 堺筋本町駅 546m / 焼鳥、居酒屋
            ",3.68,87,"￥5,000～￥5,999",-
591,592,バー ラリティー," 心斎橋駅 408m / バー
            ",3.68,60,"￥3,000～￥3,999",-
592,593,山女庵," 天下茶屋駅 195m / 郷土料理（その他）、その他肉料理、魚介料理・海鮮料理
            ",3.68,53,"￥10,000～￥14,999",-
593,594,参鶏湯 人ル," 鶴橋駅 713m / 韓国料理、韓国鍋
            ",3.68,48,"￥2,000～￥2,999","￥2,000～￥2,999"
594,595,鮨 一二郎," 泉大津駅 608m / 寿司、魚介料理・海鮮料理
            ",3.68,38,"￥10,000～￥14,999","￥10,000～￥14,999"
595,596,とんかつ ひろ喜 徳庵本店," 徳庵駅 498m / 定食・食堂、コロッケ・フライ、とんかつ
            ",3.67,435,"￥1,000～￥1,999","￥1,000～￥1,999"
596,597,カメキチ・ビストロ," 谷町四丁目駅 168m / ビストロ、フレンチ、ダイニングバー
            ",3.67,429,"￥6,000～￥7,999","￥1,000～￥1,999"
597,598,ふく流ラパス 分家 WADACHI," 堺筋本町駅 152m / 油そば、ラーメン、中華麺（その他）
            ",3.67,359,"￥1,000～￥1,999","￥1,000～￥1,999"
598,599,麺乃家," 大阪上本町駅 274m / ラーメン、つけ麺
            ",3.67,327,～￥999,～￥999
599,600,ル クロ," 大阪難波駅 319m / フレンチ
            ",3.67,318,"￥8,000～￥9,999","￥3,000～￥3,999"
600,601,深清鮓," 湊駅 272m / 寿司、あなご
            ",3.67,296,"￥1,000～￥1,999","￥1,000～￥1,999"
601,602,ちゃあしゅうめん ゆうらい," 茨木駅 135m / ラーメン
            ",3.67,282,～￥999,～￥999
602,603,ヴァスコ・ダ・ガマ 本店," 高槻駅 167m / カレーライス
            ",3.67,281,"￥1,000～￥1,999","￥1,000～￥1,999"
603,604,北浜 土山人," 北浜駅 353m / そば、居酒屋、懐石・会席料理
            ",3.67,265,"￥3,000～￥3,999","￥1,000～￥1,999"
604,605,らぁ麺 きくはん," 中崎町駅 234m / ラーメン、つけ麺、油そば
            ",3.67,264,～￥999,～￥999
605,606,ヌワラ カデ," 阿波座駅 216m / スリランカ料理、カレーライス、居酒屋
            ",3.67,260,"￥1,000～￥1,999","￥1,000～￥1,999"
606,607,出入橋きんつば屋," 渡辺橋駅 446m / 和菓子、甘味処
            ",3.67,249,～￥999,～￥999
607,608,島田製麺食堂," 岡町駅 721m / ラーメン、つけ麺、餃子
            ",3.67,240,～￥999,～￥999
608,609,けとばし屋チャンピオン 天満店," 天満駅 233m / 馬肉料理、焼肉、鍋（その他）
            ",3.67,231,"￥4,000～￥4,999",-
609,610,麺 紡木," 天満駅 185m / ラーメン、餃子
            ",3.67,230,～￥999,～￥999
610,611,鼓道," 豊中駅 436m / そば、鳥料理、親子丼
            ",3.67,215,"￥6,000～￥7,999","￥1,000～￥1,999"
611,612,てぃーあんだ 扇町本店," 扇町駅 153m / 沖縄料理、居酒屋、沖縄そば
            ",3.67,209,"￥3,000～￥3,999",～￥999
612,613,MLESNATEA OSAKA," 西梅田駅 210m / カフェ、紅茶専門店、パンケーキ
            ",3.67,188,"￥2,000～￥2,999","￥2,000～￥2,999"
613,614,フードスケープ," 福島駅 302m / パン、カフェ、サンドイッチ
            ",3.67,179,"￥1,000～￥1,999","￥1,000～￥1,999"
614,615,大衆中遊華食堂 八戒," 長瀬駅 792m / 中華料理、カレー（その他）
            ",3.67,177,"￥1,000～￥1,999","￥1,000～￥1,999"
615,616,il PePe," 北新地駅 66m / イタリアン、洋食、パスタ
            ",3.67,169,"￥8,000～￥9,999","￥2,000～￥2,999"
616,617,ダマン リュミエール 高島屋大阪店," 難波（南海）駅 111m / 紅茶専門店、フレンチ、スイーツ（その他）
            ",3.67,168,～￥999,"￥1,000～￥1,999"
617,618,カレー コンドル," 西大橋駅 184m / カレーライス
            ",3.67,167,～￥999,～￥999
618,619,北浜 丁子," 北浜駅 407m / カレーライス
            ",3.67,166,"￥2,000～￥2,999","￥1,000～￥1,999"
619,620,イシノウエ," 中百舌鳥（南海・泉北）駅 480m / パン、サンドイッチ、パン・サンドイッチ（その他）
            ",3.67,162,～￥999,～￥999
620,621,三ツ島 真打," 門真市駅 448m / うどん、カレーうどん
            ",3.67,161,-,～￥999
621,622,中国菜エスサワダ," なにわ橋駅 361m / 中華料理、広東料理
            ",3.67,153,"￥10,000～￥14,999",-
622,623,食パン工房　ラミ 福島本店," 新福島駅 350m / パン
            ",3.67,150,～￥999,～￥999
623,624,華蓮  大阪心斎橋店," 心斎橋駅 374m / しゃぶしゃぶ、すき焼き、ステーキ
            ",3.67,148,"￥8,000～￥9,999","￥3,000～￥3,999"
624,625,とっかり 本店," 正雀駅 83m / ラーメン
            ",3.67,147,～￥999,～￥999
625,626,大阪 松下," 中崎町駅 394m / そば
            ",3.67,141,"￥2,000～￥2,999",～￥999
626,627,情熱うどん讃州 新大阪店," 東三国駅 357m / うどん、うどんすき、かつ丼・かつ重
            ",3.67,140,～￥999,～￥999
627,628,青波," 上新庄駅 662m / ラーメン
            ",3.67,139,～￥999,～￥999
628,629,ラーメン家 あかぎ," 上新庄駅 365m / ラーメン
            ",3.67,136,～￥999,～￥999
629,630,中華そば 煮干しや," 南巽駅 81m / ラーメン、つけ麺
            ",3.67,124,～￥999,～￥999
630,631,プーサン," 西大橋駅 326m / 洋菓子（その他）、スイーツ（その他）
            ",3.67,123,～￥999,～￥999
631,632,和牛 まつした 本通り店," 北新地駅 89m / 焼肉、すき焼き、しゃぶしゃぶ
            ",3.67,112,"￥8,000～￥9,999","￥1,000～￥1,999"
632,633,エペ クープ," 吹田（ＪＲ）駅 148m / とんかつ、和食（その他）、定食・食堂
            ",3.67,111,"￥3,000～￥3,999","￥1,000～￥1,999"
633,634,ばん珈琲店," 森ノ宮駅 95m / 喫茶店、カフェ、コーヒー専門店
            ",3.67,107,-,～￥999
634,635,鮨 ひでぞう," 難波（南海）駅 205m / 寿司、魚介料理・海鮮料理、鍋（その他）
            ",3.67,107,"￥3,000～￥3,999",-
635,636,麺処 にしむら," 今福鶴見駅 544m / ラーメン、つけ麺、中華料理
            ",3.67,101,～￥999,～￥999
636,637,ラフカ," 桜ノ宮駅 446m / ケーキ、チョコレート
            ",3.67,99,～￥999,～￥999
637,638,焼鳥みなみ," 北新地駅 259m / 焼鳥、鳥料理
            ",3.67,99,"￥8,000～￥9,999",-
638,639,キュイジーヌ・ド・オオサカ・リョウ," なにわ橋駅 390m / 串揚げ・串かつ、割烹・小料理、レストラン（その他）
            ",3.67,95,"￥8,000～￥9,999","￥4,000～￥4,999"
639,640,和彩　そあら," 谷町九丁目駅 63m / 割烹・小料理、魚介料理・海鮮料理
            ",3.67,93,"￥8,000～￥9,999",-
640,641,庵月," 心斎橋駅 359m / 和菓子
            ",3.67,93,"￥2,000～￥2,999","￥2,000～￥2,999"
641,642,レスプリ ドゥ クゥー ドゥ フランス," 北浜駅 263m / フレンチ、モダンフレンチ、弁当
            ",3.67,92,"￥15,000～￥19,999","￥6,000～￥7,999"
642,643,麺処 天川," 九条（大阪メトロ）駅 522m / ラーメン
            ",3.67,91,～￥999,～￥999
643,644,和ダイニング ハタケナカ," 谷町六丁目駅 295m / 居酒屋、魚介料理・海鮮料理、割烹・小料理
            ",3.67,81,"￥6,000～￥7,999",-
644,645,韓味一 朴邸," 本町駅 446m / 韓国料理、韓国鍋、焼肉
            ",3.67,63,"￥8,000～￥9,999",-
645,646,前芝料理店," 谷町六丁目駅 170m / フレンチ、ビストロ、ワインバー
            ",3.67,62,"￥10,000～￥14,999","￥8,000～￥9,999"
646,647,バー ケー," 北新地駅 127m / バー
            ",3.67,58,"￥3,000～￥3,999",-
647,648,バー マスダ," 大阪難波駅 368m / バー
            ",3.67,51,"￥4,000～￥4,999",-
648,649,北サンボア," 東梅田駅 241m / バー
            ",3.67,50,"￥2,000～￥2,999",-
649,650,ちょうちん," 城北公園通駅 241m / 焼肉、ホルモン、韓国料理
            ",3.67,48,"￥5,000～￥5,999",-
650,651,割烹　橋本," 中津（大阪メトロ）駅 103m / 割烹・小料理、懐石・会席料理
            ",3.67,36,"￥20,000～￥29,999",-
651,652,青地," 西大橋駅 110m / 割烹・小料理
            ",3.67,34,"￥10,000～￥14,999",-
652,653,喜太八," 岸和田駅 579m / ふぐ、鍋（その他）
            ",3.67,23,"￥30,000～￥39,999",-
653,654,ぼっこ志," 大阪難波駅 229m / ラーメン
            ",3.66,414,～￥999,～￥999
654,655,セイロンカリー," 長堀橋駅 337m / スリランカ料理、カレーライス、カレー（その他）
            ",3.66,390,"￥1,000～￥1,999",～￥999
655,656,お好み焼 オモニ 本店," 鶴橋駅 631m / お好み焼き、焼きそば
            ",3.66,384,"￥1,000～￥1,999","￥1,000～￥1,999"
656,657,ダルブリガンテ," 新福島駅 247m / ピザ、イタリアン
            ",3.66,367,"￥4,000～￥4,999","￥1,000～￥1,999"
657,658,ぺぺらーめん," 北新地駅 166m / ラーメン
            ",3.66,366,"￥1,000～￥1,999","￥1,000～￥1,999"
658,659,ラ・トォルトゥーガ," 北浜駅 251m / ビストロ、フレンチ
            ",3.66,344,"￥6,000～￥7,999","￥1,000～￥1,999"
659,660,麺屋わっしょい," 寺田町駅 125m / ラーメン、つけ麺、油そば
            ",3.66,343,"￥1,000～￥1,999",～￥999
660,661,ゴメンネJIRO," 天満駅 279m / 洋食、ビストロ
            ",3.66,281,"￥2,000～￥2,999",-
661,662,新世界 かんかん," 新今宮駅前駅 308m / たこ焼き
            ",3.66,279,～￥999,～￥999
662,663,麺や マルショウ 江坂店," 江坂駅 451m / ラーメン、台湾まぜそば
            ",3.66,274,～￥999,"￥1,000～￥1,999"
663,664,トラットリア パッパ," 西大橋駅 267m / イタリアン
            ",3.66,267,"￥15,000～￥19,999","￥1,000～￥1,999"
664,665,牛骨ら～めん ぶっこ志 北浜店," 北浜駅 361m / ラーメン
            ",3.66,262,～￥999,～￥999
665,666,ジャンジャンブル," 高槻市駅 416m / オムライス
            ",3.66,261,-,"￥1,000～￥1,999"
666,667,熊の焼鳥106," 天神橋筋六丁目駅 147m / 焼鳥
            ",3.66,253,"￥10,000～￥14,999","￥10,000～￥14,999"
667,668,ジャクソンズ," 新福島駅 136m / ラーメン、つけ麺
            ",3.66,249,～￥999,～￥999
668,669,豚骨まぜそば KOZOU+," 新福島駅 280m / 油そば
            ",3.66,247,～￥999,～￥999
669,670,カカオティエ ゴカン 高麗橋本店," 北浜駅 338m / カフェ、ケーキ、チョコレート
            ",3.66,244,"￥2,000～￥2,999","￥1,000～￥1,999"
670,671,青藍," 松屋町駅 473m / 中華料理、担々麺
            ",3.66,224,"￥5,000～￥5,999","￥1,000～￥1,999"
671,672,中華そばムタヒロ 堺東店," 堺東駅 148m / ラーメン、つけ麺
            ",3.66,222,～￥999,～￥999
672,673,カレーや マドラス," 恵美須町駅 463m / カレーライス
            ",3.66,212,～￥999,～￥999
673,674,麺や マルショウ 豊中本店," 豊中駅 456m / ラーメン、台湾まぜそば
            ",3.66,206,～￥999,～￥999
674,675,万両 肥後橋店," 肥後橋駅 388m / 焼肉、ホルモン、ハンバーグ
            ",3.66,202,"￥4,000～￥4,999",-
675,676,ル・アイ 谷町店," 谷町六丁目駅 121m / パン、ケーキ、カフェ・喫茶（その他）
            ",3.66,197,-,"￥1,000～￥1,999"
676,677,福龍園," 大阪天満宮駅 215m / 四川料理、担々麺、中華料理
            ",3.66,188,"￥2,000～￥2,999","￥1,000～￥1,999"
677,678,豚骨ラー麺 ごん太," 古市駅 848m / ラーメン、餃子、おでん
            ",3.66,186,～￥999,～￥999
678,679,担担麺の掟を破る者," 都島駅 71m / 担々麺、汁なし担々麺、ラーメン
            ",3.66,183,"￥1,000～￥1,999",～￥999
679,680,アトリエアルション," 天神橋筋六丁目駅 286m / ケーキ、パン、カフェ
            ",3.66,182,～￥999,～￥999
680,681,讃岐立食いうどん きりん屋 本町本店," 本町駅 471m / うどん
            ",3.66,179,～￥999,～￥999
681,682,森乃お菓子," 大江橋駅 269m / 和菓子
            ",3.66,167,"￥1,000～￥1,999",～￥999
682,683,人生夢路 徳麺," 谷町四丁目駅 338m / ラーメン、油そば
            ",3.66,167,～￥999,～￥999
683,684,スパイスサロン バビルの塔," 中崎町駅 313m / カレーライス
            ",3.66,164,"￥1,000～￥1,999",～￥999
684,685,ザ・リッツ・カールトン・グルメショップ," 西梅田駅 336m / ケーキ、パン、チョコレート
            ",3.66,163,～￥999,"￥1,000～￥1,999"
685,686,游玄亭 ホテルニューオータニ大阪店," 大阪城公園駅 316m / 焼肉、懐石・会席料理、韓国料理
            ",3.66,159,"￥15,000～￥19,999","￥5,000～￥5,999"
686,687,島之内フジマル醸造所," 松屋町駅 150m / イタリアン、ワインバー、ダイニングバー
            ",3.66,158,"￥6,000～￥7,999","￥2,000～￥2,999"
687,688,熟成うどん なかや," 東三国駅 221m / うどん、居酒屋、うどんすき
            ",3.66,157,"￥1,000～￥1,999",～￥999
688,689,ラサ ボジュン," 北浜駅 562m / スリランカ料理、カレーライス、アジア・エスニック料理（その他）
            ",3.66,154,"￥1,000～￥1,999","￥1,000～￥1,999"
689,690,シャンパン&醤油バー フルートフルート," 北新地駅 234m / バー・お酒（その他）、ダイニングバー、ビストロ
            ",3.66,151,"￥3,000～￥3,999",-
690,691,麺処 飯田家," 塚本駅 318m / ラーメン、つけ麺
            ",3.66,146,～￥999,～￥999
691,692,マダム・カリー," 北浜駅 289m / カレーライス、ダイニングバー
            ",3.66,138,～￥999,～￥999
692,693,スパイスカリーて," 心斎橋駅 450m / カレーライス
            ",3.66,134,"￥1,000～￥1,999","￥1,000～￥1,999"
693,694,らーめん工房 麺作," 岸里駅 31m / ラーメン、つけ麺
            ",3.66,132,～￥999,～￥999
694,695,新中国料理 HARAKAWA 堺本店," 堺市南区 / 中華料理、飲茶・点心、創作料理
            ",3.66,130,"￥5,000～￥5,999","￥1,000～￥1,999"
695,696,スパイスカリー ハルモニア," 天満駅 102m / カレーライス、カレー（その他）、インドカレー
            ",3.66,125,"￥1,000～￥1,999","￥1,000～￥1,999"
696,697,カレイヤー," 心斎橋駅 503m / インドカレー、カレーライス
            ",3.66,123,-,～￥999
697,698,SATSUKI ," 大阪ビジネスパーク駅 322m / 西洋各国料理（その他）、パスタ、パンケーキ
            ",3.66,122,"￥3,000～￥3,999","￥2,000～￥2,999"
698,699,ひげ," 大阪梅田（阪急）駅 136m / 中華料理、餃子
            ",3.66,122,"￥2,000～￥2,999",～￥999
699,700,牛たん炭火焼 吉次 鰻谷店," 長堀橋駅 172m / 牛タン、定食・食堂、郷土料理（その他）
            ",3.66,121,"￥3,000～￥3,999",-
700,701,麺や凛," 石橋阪大前駅 296m / ラーメン
            ",3.66,116,"￥1,000～￥1,999","￥1,000～￥1,999"
701,702,ニューベイブ," 谷町四丁目駅 471m / とんかつ、ダイニングバー
            ",3.66,115,"￥3,000～￥3,999","￥1,000～￥1,999"
702,703,菊壽堂義信," 北浜駅 334m / 和菓子、甘味処、大福
            ",3.66,110,-,～￥999
703,704,らぁめん しゅき," 鶴橋駅 186m / ラーメン
            ",3.66,104,"￥1,000～￥1,999",～￥999
704,705,藤久," 近鉄日本橋駅 317m / 割烹・小料理、懐石・会席料理
            ",3.66,99,"￥6,000～￥7,999",-
705,706,山田製麺所," 清水（大阪メトロ）駅 141m / うどん、日本酒バー、おでん
            ",3.66,99,"￥1,000～￥1,999",～￥999
706,707,オーガニックパン工房　それいゆ," 姫松駅 126m / パン、サンドイッチ
            ",3.66,93,-,～￥999
707,708,カフェ バーンホーフ," 玉川駅 286m / カフェ、コーヒー専門店、ケーキ
            ",3.66,91,～￥999,～￥999
708,709,北新地たゆたゆDX," 北新地駅 232m / 焼きとん、串焼き、居酒屋
            ",3.66,91,"￥4,000～￥4,999",-
709,710,うどん上々," 玉造（ＪＲ）駅 548m / うどん、天ぷら、うどんすき
            ",3.66,90,～￥999,～￥999
710,711,魚China YO," 福島駅 144m / 中華料理、魚介料理・海鮮料理、広東料理
            ",3.66,85,"￥5,000～￥5,999",-
711,712,かまちゃん," 瓢箪山駅 535m / 焼肉、ホルモン、牛タン
            ",3.66,74,"￥3,000～￥3,999",-
712,713,あらかると," 天満駅 290m / 居酒屋、野菜料理、鳥料理
            ",3.66,69,"￥4,000～￥4,999",-
713,714,作一 本店," 心斎橋駅 107m / 割烹・小料理
            ",3.66,68,"￥15,000～￥19,999",-
714,715,ピッツェリア・アッソ・ダ・ヤマグチ 中崎町店," 中崎町駅 241m / ピザ、イタリアン、ダイニングバー
            ",3.66,60,"￥2,000～￥2,999","￥1,000～￥1,999"
715,716,ラトリエ・ド・ギニョール・エ・マデロン," 南森町駅 250m / フレンチ
            ",3.66,54,"￥8,000～￥9,999","￥3,000～￥3,999"
716,717,蓮," 大江橋駅 338m / バー
            ",3.66,52,"￥6,000～￥7,999",-
717,718,おでん まる米," 天下茶屋駅 89m / おでん
            ",3.66,49,"￥3,000～￥3,999","￥2,000～￥2,999"
718,719,和牛の紀楽," 大阪天満宮駅 484m / 焼肉
            ",3.66,48,"￥10,000～￥14,999",-
719,720,萩之茶屋鶴一 浪速筋店," 津守駅 625m / 焼肉
            ",3.66,48,"￥3,000～￥3,999",～￥999
720,721,竹うち," 扇町駅 344m / 居酒屋
            ",3.66,41,"￥4,000～￥4,999",-
721,722,鉄板焼き 華粋," 北新地駅 158m / 鉄板焼き、ステーキ、ワインバー
            ",3.66,29,"￥8,000～￥9,999","￥8,000～￥9,999"
722,723,料理屋 のだ," 近鉄日本橋駅 216m / 割烹・小料理
            ",3.66,23,"￥8,000～￥9,999","￥6,000～￥7,999"
723,724,金久右衛門 本店," 深江橋駅 501m / ラーメン、餃子
            ",3.65,672,～￥999,～￥999
724,725,純喫茶 アメリカン," 日本橋駅 320m / 喫茶店、パンケーキ、サンドイッチ
            ",3.65,520,～￥999,～￥999
725,726,モジャカレー," 新大阪駅 64m / カレーライス
            ",3.65,394,～￥999,～￥999
726,727,魚伊 本店," 関目高殿駅 261m / うなぎ、魚介料理・海鮮料理
            ",3.65,393,"￥4,000～￥4,999","￥2,000～￥2,999"
727,728,守破離 谷町四丁目店," 谷町四丁目駅 242m / そば、天ぷら
            ",3.65,387,"￥1,000～￥1,999","￥1,000～￥1,999"
728,729,麺や 鳥の鶏次," なかもず（大阪メトロ）駅 175m / ラーメン、つけ麺、中華麺（その他）
            ",3.65,378,～￥999,～￥999
729,730,麺屋 和人 天王寺北口本店," 天王寺駅 191m / ラーメン、油そば、餃子
            ",3.65,338,～￥999,～￥999
730,731,龍旗信RIZE 大阪なんば店," 難波（南海）駅 359m / ラーメン、つけ麺、油そば
            ",3.65,328,～￥999,～￥999
731,732,Cafe 婆沙羅 かえる堂," 西大橋駅 109m / カフェ、カレーライス、創作料理
            ",3.65,317,"￥1,000～￥1,999","￥1,000～￥1,999"
732,733,中華そば 丸岡商店 京橋本店," 京橋駅 167m / ラーメン、油そば
            ",3.65,311,～￥999,～￥999
733,734,麺や天四郎," 天満駅 166m / ラーメン
            ",3.65,280,～￥999,～￥999
734,735,ラーメン荘 歴史を刻め 本店," 下新庄駅 128m / ラーメン、油そば
            ",3.65,277,～￥999,～￥999
735,736,ポアール 帝塚山本店," 姫松駅 38m / ケーキ、パン、カフェ
            ",3.65,264,～￥999,"￥1,000～￥1,999"
736,737,心斎橋かわぐち," 心斎橋駅 213m / 焼鳥、鳥料理、創作料理
            ",3.65,255,"￥8,000～￥9,999",-
737,738,熱香森," 肥後橋駅 475m / 中華料理、バー、中華菓子
            ",3.65,224,"￥8,000～￥9,999","￥1,000～￥1,999"
738,739,川福 本店," 心斎橋駅 324m / うどん、うどんすき、親子丼
            ",3.65,217,"￥1,000～￥1,999","￥1,000～￥1,999"
739,740,実咲庵," 三国ケ丘駅 179m / つけ麺、ラーメン
            ",3.65,213,"￥1,000～￥1,999",～￥999
740,741,炭焼巧房　源," 福島駅 217m / 焼鳥、居酒屋、水炊き
            ",3.65,201,"￥6,000～￥7,999",-
741,742,うどん処 重己," 堺筋本町駅 60m / うどん、天ぷら
            ",3.65,200,-,～￥999
742,743,オコメノカミサマ," 都島駅 40m / ラーメン、つけ麺、油そば
            ",3.65,196,"￥1,000～￥1,999",～￥999
743,744,いちまるらーめん," 野田阪神駅 206m / ラーメン、居酒屋・ダイニングバー（その他）、油そば
            ",3.65,193,～￥999,～￥999
744,745,関西 風来軒 大阪本店," 大小路駅 64m / ラーメン
            ",3.65,181,～￥999,～￥999
745,746,梨花食堂 天満本店," 天満駅 103m / カレーライス、欧風カレー
            ",3.65,179,"￥1,000～￥1,999","￥1,000～￥1,999"
746,747,カレーや デッカオ," 心斎橋駅 412m / スリランカ料理、カレーライス、カレー（その他）
            ",3.65,178,"￥1,000～￥1,999","￥1,000～￥1,999"
747,748,みんなのらぁ麺 阿飛流," 堺筋本町駅 430m / ラーメン、油そば
            ",3.65,169,～￥999,～￥999
748,749,うどんdining KONA×MIZU×SHIO," 堺筋本町駅 311m / うどん、パン
            ",3.65,167,"￥4,000～￥4,999","￥1,000～￥1,999"
749,750,らんぷ若蔵," 寝屋川市駅 423m / うどん、天ぷら、天丼・天重
            ",3.65,166,～￥999,～￥999
750,751,福島 もう利," 福島駅 450m / 割烹・小料理、魚介料理・海鮮料理、創作料理
            ",3.65,163,"￥10,000～￥14,999","￥6,000～￥7,999"
751,752,グリル太平," 今里（近鉄）駅 638m / 洋食、ステーキ、ハンバーグ
            ",3.65,147,"￥4,000～￥4,999","￥1,000～￥1,999"
752,753,塩々," 中之島駅 314m / ラーメン
            ",3.65,147,～￥999,～￥999
753,754,吉み乃製麺所 新町本店," 西大橋駅 288m / ラーメン、つけ麺
            ",3.65,145,～￥999,～￥999
754,755,3104丁目," 高槻市駅 395m / ラーメン、つけ麺
            ",3.65,141,～￥999,～￥999
755,756,麺家 近," 天神橋筋六丁目駅 281m / つけ麺、ラーメン
            ",3.65,138,～￥999,～￥999
756,757,嘉門," 桜ノ宮駅 454m / 鉄板焼き、ステーキ
            ",3.65,133,"￥20,000～￥29,999","￥8,000～￥9,999"
757,758,コバチ咖喱," 中崎町駅 439m / カレーライス、カフェ
            ",3.65,133,"￥1,000～￥1,999",～￥999
758,759,ラーメン フクロウ," 鶴橋駅 161m / ラーメン、つけ麺、油そば
            ",3.65,122,～￥999,～￥999
759,760,釜たけ流うどん　駅前食堂 ヨドバシ梅田店," 大阪駅 160m / うどん
            ",3.65,122,"￥1,000～￥1,999","￥1,000～￥1,999"
760,761,そば切り 荒凡夫," なにわ橋駅 362m / そば
            ",3.65,120,"￥1,000～￥1,999","￥1,000～￥1,999"
761,762,えどぼり 和じ庵," 肥後橋駅 241m / 居酒屋、魚介料理・海鮮料理、串焼き
            ",3.65,116,"￥6,000～￥7,999",-
762,763,うどん ごくう," 阿波座駅 223m / うどん、カレーうどん、天ぷら・揚げ物（その他）
            ",3.65,116,"￥1,000～￥1,999",～￥999
763,764,パティスリー リエルグ," 東花園駅 853m / ケーキ、洋菓子（その他）、カフェ
            ",3.65,114,-,～￥999
764,765,パン工房　フルニエ," 和泉市 / パン、サンドイッチ、洋菓子（その他）
            ",3.65,114,-,"￥1,000～￥1,999"
765,766,讃岐麺屋 あうん," 針中野駅 116m / うどん、カレーうどん、居酒屋
            ",3.65,108,"￥1,000～￥1,999",～￥999
766,767,MARCO," 千林駅 22m / ラーメン
            ",3.65,104,～￥999,～￥999
767,768,本家小嶋," 宿院駅 85m / 和菓子
            ",3.65,103,"￥1,000～￥1,999",～￥999
768,769,蔓牛," 谷町九丁目駅 540m / 焼肉、ホルモン、炭火焼き
            ",3.65,101,"￥10,000～￥14,999",-
769,770,ディーバ," 天満駅 267m / ビストロ、フレンチ
            ",3.65,101,-,"￥2,000～￥2,999"
770,771,やまもと菓子店," 西大橋駅 203m / ケーキ、チョコレート
            ",3.65,99,～￥999,"￥1,000～￥1,999"
771,772,あばらや," 近鉄日本橋駅 261m / 寿司、居酒屋、魚介料理・海鮮料理
            ",3.65,96,"￥4,000～￥4,999",-
772,773,カレー屋ヌンクイ," 七道駅 446m / カレーライス、インドカレー、カフェ
            ",3.65,96,"￥1,000～￥1,999","￥1,000～￥1,999"
773,774,ティカール　バイ　カカオマス," 淀屋橋駅 277m / チョコレート、ケーキ
            ",3.65,95,-,"￥3,000～￥3,999"
774,775,麺ファクトリー ジョーズ セカンド," 玉造（ＪＲ）駅 100m / ラーメン
            ",3.65,92,～￥999,"￥1,000～￥1,999"
775,776,中華蕎麦 福はら," 俊徳道駅 93m / ラーメン
            ",3.65,91,"￥1,000～￥1,999","￥1,000～￥1,999"
776,777,ル・コントワール・デュ・グー," 本町駅 277m / フレンチ、炭火焼き、ビストロ
            ",3.65,87,"￥8,000～￥9,999","￥3,000～￥3,999"
777,778,リザルブ珈琲店," 高槻駅 526m / 喫茶店、カフェ、コーヒー専門店
            ",3.65,81,～￥999,～￥999
778,779,なべいち," 鶴橋駅 229m / 立ち飲み居酒屋・バー
            ",3.65,81,"￥3,000～￥3,999",-
779,780,朋苑," 西中島南方駅 114m / 焼肉、ホルモン、居酒屋
            ",3.65,80,"￥5,000～￥5,999",-
780,781,ジャマン," 茨木市駅 241m / フレンチ
            ",3.65,73,"￥8,000～￥9,999","￥2,000～￥2,999"
781,782,オーパス ワン," 近鉄日本橋駅 316m / 中華料理
            ",3.65,71,"￥10,000～￥14,999","￥5,000～￥5,999"
782,783,吹上庵 北新地," 大江橋駅 252m / 鳥料理、うなぎ、焼鳥
            ",3.65,68,"￥10,000～￥14,999",-
783,784,梵保庵," 宇野辺駅 580m / そば
            ",3.65,61,-,"￥1,000～￥1,999"
784,785,肉師じじい," 野江内代駅 540m / 焼肉
            ",3.65,61,"￥6,000～￥7,999",-
785,786,ステーキ  いぐち," 北新地駅 147m / ステーキ、鉄板焼き、西洋各国料理（その他）
            ",3.65,59,"￥10,000～￥14,999","￥1,000～￥1,999"
786,787,焼肉くろちゃん," 和泉市 / 焼肉
            ",3.65,52,"￥4,000～￥4,999",～￥999
787,788,リストランテ ドゥエ フィオーリ," 大江橋駅 415m / イタリアン、創作料理、レストラン（その他）
            ",3.65,49,"￥10,000～￥14,999","￥6,000～￥7,999"
788,789,かさね," 大江橋駅 255m / おでん、割烹・小料理
            ",3.65,49,"￥6,000～￥7,999",-
789,790,島国 曽根崎本店," 東梅田駅 262m / 郷土料理（その他）
            ",3.65,46,"￥6,000～￥7,999",-
790,791,金爾," 江坂駅 326m / 居酒屋
            ",3.65,46,"￥6,000～￥7,999",～￥999
791,792,ヴァンサンク・ブランシュ," 心斎橋駅 161m / フレンチ
            ",3.65,44,"￥10,000～￥14,999","￥5,000～￥5,999"
792,793,金城," 大江橋駅 271m / 寿司
            ",3.65,41,"￥20,000～￥29,999",-
793,794,焼鳥エナミ," 南森町駅 327m / 焼鳥
            ",3.65,39,"￥6,000～￥7,999",-
794,795,鮨処 音羽別館," 北新地駅 169m / 寿司
            ",3.65,37,"￥10,000～￥14,999",-
795,796,魚菜処 光悦," 心斎橋駅 257m / 魚介料理・海鮮料理、懐石・会席料理
            ",3.65,36,"￥15,000～￥19,999","￥8,000～￥9,999"
796,797,エ パタティ エ パタタ," 大阪天満宮駅 332m / ビストロ、西洋各国料理（その他）、ワインバー
            ",3.65,28,"￥5,000～￥5,999",-
797,798,谷町 わらかし," 谷町六丁目駅 344m / 居酒屋、魚介料理・海鮮料理
            ",3.65,24,"￥3,000～￥3,999",～￥999
798,799,サンシャイン," 東梅田駅 51m / 喫茶店、パンケーキ、コーヒー専門店
            ",3.64,480,～￥999,～￥999
799,800,新福菜館 KiKi京橋店," 京橋駅 237m / ラーメン
            ",3.64,440,～￥999,"￥1,000～￥1,999"
800,801,つけ麺みさわ 本店," 福島駅 109m / つけ麺、ラーメン
            ",3.64,399,～￥999,～￥999
801,802,ばっこ志," 十三駅 48m / ラーメン、つけ麺
            ",3.64,396,～￥999,～￥999
802,803,天政," 大阪難波駅 269m / うどん、そば、カレーうどん
            ",3.64,376,～￥999,～￥999
803,804,ロンドンティールーム 堂島店," 北新地駅 140m / カフェ、喫茶店、紅茶専門店
            ",3.64,322,～￥999,～￥999
804,805,花くじら 歩店," 新福島駅 158m / おでん
            ",3.64,319,"￥2,000～￥2,999",-
805,806,つけ麺 井手 本店," 北浜駅 443m / つけ麺、ラーメン
            ",3.64,304,～￥999,～￥999
806,807,山口果物," 谷町六丁目駅 381m / フルーツパーラー、かき氷、ジュースバー
            ",3.64,299,-,"￥1,000～￥1,999"
807,808,麺屋 ほぃ," 蛍池駅 340m / ラーメン
            ",3.64,292,～￥999,～￥999
808,809,まんかい 福島本家," 福島駅 222m / ラーメン
            ",3.64,278,～￥999,～￥999
809,810,麺や 蓮と凜と仁," 扇町駅 275m / ラーメン、担々麺、餃子
            ",3.64,261,～￥999,～￥999
810,811,舟屋," 寺田町駅 121m / うなぎ、弁当、丼もの（その他）
            ",3.64,222,"￥3,000～￥3,999","￥3,000～￥3,999"
811,812,ラーメン ニューヨーク ニューヨーク," 鳳駅 129m / ラーメン、油そば、からあげ
            ",3.64,215,～￥999,～￥999
812,813,らーめん専門 和海  なんば店," 難波（南海）駅 208m / ラーメン
            ",3.64,215,"￥1,000～￥1,999","￥1,000～￥1,999"
813,814,唯我独尊," 岸和田駅 208m / カレーライス、カレー（その他）、カフェ
            ",3.64,212,"￥1,000～￥1,999","￥1,000～￥1,999"
814,815,本家柴藤," 淀屋橋駅 308m / うなぎ
            ",3.64,212,"￥6,000～￥7,999","￥5,000～￥5,999"
815,816,Cafe AMADEUS STORY," 渡辺橋駅 196m / カフェ、コーヒー専門店、紅茶専門店
            ",3.64,209,"￥1,000～￥1,999","￥1,000～￥1,999"
816,817,嶋屋 本店," 阿倍野駅 46m / 和菓子
            ",3.64,199,"￥2,000～￥2,999",～￥999
817,818,花," 京橋駅 391m / お好み焼き、鉄板焼き、居酒屋
            ",3.64,191,"￥2,000～￥2,999",～￥999
818,819,ブルトンヌ 阪急うめだ本店," 梅田駅 58m / 洋菓子（その他）
            ",3.64,183,"￥2,000～￥2,999",～￥999
819,820,ダンケ 心斎橋," 心斎橋駅 148m / 喫茶店、コーヒー専門店、洋菓子（その他）
            ",3.64,179,"￥1,000～￥1,999",～￥999
820,821,粋魚 むらばやし," 大江橋駅 284m / 割烹・小料理、天ぷら、魚介料理・海鮮料理
            ",3.64,152,"￥8,000～￥9,999","￥1,000～￥1,999"
821,822,ムーラタルト," 南森町駅 129m / ケーキ、パン
            ",3.64,151,～￥999,～￥999
822,823,ペスカ 心斎橋店," 四ツ橋駅 136m / イタリアン、フレンチ、ダイニングバー
            ",3.64,147,"￥5,000～￥5,999",-
823,824,鯛めしや はなび," 新福島駅 114m / 魚介料理・海鮮料理、和食（その他）、居酒屋
            ",3.64,142,"￥5,000～￥5,999","￥1,000～￥1,999"
824,825,大衆肉酒場 こだわり米 匠," 西中島南方駅 199m / 焼肉、ホルモン、ステーキ
            ",3.64,135,"￥4,000～￥4,999",-
825,826,堺うどん ちはや," 堺東駅 236m / うどん、カレーうどん、天ぷら・揚げ物（その他）
            ",3.64,128,～￥999,～￥999
826,827,ハレノチ晴," 吹田（ＪＲ）駅 398m / ラーメン、油そば
            ",3.64,124,～￥999,～￥999
827,828,焼肉やっちゃん 京橋店," 京橋駅 163m / 焼肉
            ",3.64,123,"￥6,000～￥7,999",-
828,829,葵 aoi," 石橋阪大前駅 954m / ラーメン、つけ麺
            ",3.64,120,-,～￥999
829,830,麺物語 つなぐ," 北加賀屋駅 321m / ラーメン、つけ麺
            ",3.64,119,～￥999,～￥999
830,831,紅葉庵," 江坂駅 442m / うどん、うどんすき、天ぷら
            ",3.64,118,"￥1,000～￥1,999",～￥999
831,832,麺に光を," 四ツ橋駅 390m / ラーメン、つけ麺
            ",3.64,116,～￥999,～￥999
832,833,手作りうどん 天粉盛," 大国町駅 178m / うどん
            ",3.64,113,-,～￥999
833,834,パティスリークロシェ," 福島駅 200m / ケーキ、スイーツ（その他）
            ",3.64,110,"￥2,000～￥2,999",～￥999
834,835,レクラ," 中之島駅 105m / チョコレート、ケーキ
            ",3.64,97,"￥2,000～￥2,999","￥1,000～￥1,999"
835,836,らーめん なんぞ屋," 鶴橋駅 474m / ラーメン
            ",3.64,95,～￥999,～￥999
836,837,ミチノ・ル・トゥールビヨン," 福島駅 315m / フレンチ
            ",3.64,86,"￥15,000～￥19,999","￥6,000～￥7,999"
837,838,寿司割烹 もり," 海老江駅 201m / 寿司、割烹・小料理
            ",3.64,82,"￥5,000～￥5,999",-
838,839,おおさか料理 淺井 東迎," 心斎橋駅 393m / 割烹・小料理、懐石・会席料理
            ",3.64,75,"￥8,000～￥9,999","￥4,000～￥4,999"
839,840,パティスリー ルシェルシェ," 西長堀駅 295m / ケーキ、チョコレート
            ",3.64,66,-,"￥1,000～￥1,999"
840,841,本鳥久," 花園町駅 62m / 鳥料理、焼鳥、居酒屋
            ",3.64,64,"￥8,000～￥9,999",～￥999
841,842,ビストロモナミ," 高槻市駅 452m / ビストロ
            ",3.64,59,"￥4,000～￥4,999","￥3,000～￥3,999"
842,843,コントワール15," 西大橋駅 92m / ビストロ、ワインバー
            ",3.64,57,"￥6,000～￥7,999",-
843,844,日本料理　かこみ," 北新地駅 231m / 割烹・小料理、懐石・会席料理、日本酒バー
            ",3.64,56,"￥15,000～￥19,999","￥5,000～￥5,999"
844,845,ラベルヴィ," 西大橋駅 338m / フレンチ
            ",3.64,56,"￥6,000～￥7,999","￥3,000～￥3,999"
845,846,吾一 堂山店," 中崎町駅 427m / 焼鳥、鳥料理
            ",3.64,56,"￥6,000～￥7,999",-
846,847,レストラン コーイン," 大阪上本町駅 331m / フレンチ
            ",3.64,52,"￥5,000～￥5,999","￥6,000～￥7,999"
847,848,イタリア料理 エクローチェ," 天神橋筋六丁目駅 184m / イタリアン、パスタ
            ",3.64,45,"￥6,000～￥7,999","￥1,000～￥1,999"
848,849,麺屋7.5Hz+ 梅田店," 北新地駅 173m / ラーメン、つけ麺
            ",3.63,466,～￥999,～￥999
849,850,そば切り文目堂," 谷町六丁目駅 129m / そば
            ",3.63,371,"￥2,000～￥2,999","￥1,000～￥1,999"
850,851,なにわ翁," なにわ橋駅 348m / そば
            ",3.63,344,"￥1,000～￥1,999","￥1,000～￥1,999"
851,852,鯛担麺専門店 抱きしめ鯛," 肥後橋駅 383m / 汁なし担々麺、ラーメン、フレンチ
            ",3.63,317,～￥999,～￥999
852,853,うさみ亭マツバヤ," 心斎橋駅 441m / うどん、そば、親子丼
            ",3.63,303,～￥999,～￥999
853,854,つけめん・らーめん　海老鶏麺蔵," 堺筋本町駅 474m / ラーメン、つけ麺
            ",3.63,257,～￥999,～￥999
854,855,ランデヴー・デ・ザミ," 南森町駅 339m / ビストロ、フレンチ、西洋各国料理（その他）
            ",3.63,237,"￥6,000～￥7,999","￥1,000～￥1,999"
855,856,大杉製麺," 南方駅 168m / ラーメン
            ",3.63,233,～￥999,～￥999
856,857,コションローズ," 谷町四丁目駅 99m / フレンチ、ビストロ
            ",3.63,224,"￥8,000～￥9,999","￥1,000～￥1,999"
857,858,松阪牛麺 吹田店," 山田駅 691m / ラーメン、そば・うどん・麺類（その他）、丼もの（その他）
            ",3.63,222,"￥1,000～￥1,999","￥1,000～￥1,999"
858,859,新富士本店," 岸里玉出駅 486m / 洋食、とんかつ、豚料理
            ",3.63,221,"￥1,000～￥1,999","￥1,000～￥1,999"
859,860,こころにあまい あんぱんや 梅田店," 梅田駅 85m / パン、パン・サンドイッチ（その他）
            ",3.63,220,～￥999,～￥999
860,861,"天天,有"," 住之江公園駅 543m / ラーメン
            ",3.63,211,～￥999,～￥999
861,862,ラーメン而今 中之島フェスティバルプラザ店," 渡辺橋駅 106m / ラーメン
            ",3.63,209,"￥1,000～￥1,999","￥1,000～￥1,999"
862,863,清麺屋," 恵美須町駅 461m / ラーメン、つけ麺
            ",3.63,202,～￥999,～￥999
863,864,自家焙煎珈琲工房 カフェ バーンホーフ 三番街店," 大阪梅田（阪急）駅 120m / 喫茶店、コーヒー専門店、カフェ
            ",3.63,199,-,～￥999
864,865,竹麺亭," 滝谷駅 771m / ラーメン、つけ麺、油そば
            ",3.63,195,"￥1,000～￥1,999",～￥999
865,866,浪芳庵 本店," 大国町駅 311m / 和菓子、どら焼き、大福
            ",3.63,193,"￥1,000～￥1,999",～￥999
866,867,三麺流 武者麺 江坂店," 江坂駅 618m / ラーメン、つけ麺
            ",3.63,192,～￥999,～￥999
867,868,麺屋 船橋," 南森町駅 59m / ラーメン
            ",3.63,191,～￥999,～￥999
868,869,Genji[源氏]," 塚西駅 22m / 無国籍料理、和食（その他）、アジア・エスニック料理（その他）
            ",3.63,184,"￥8,000～￥9,999","￥2,000～￥2,999"
869,870,il luogo di TAKEUCHI," 福島駅 311m / イタリアン、炭火焼き、パスタ
            ",3.63,180,"￥6,000～￥7,999","￥1,000～￥1,999"
870,871,扇町うどん屋 あすろう," 扇町駅 223m / うどん、カレーうどん
            ",3.63,178,-,～￥999
871,872,鶏ｓｏｂａ 座銀  住之江店 ," 北加賀屋駅 413m / ラーメン、つけ麺
            ",3.63,178,～￥999,～￥999
872,873,麺や輝 大阪本店," ＪＲ淡路駅 771m / ラーメン、つけ麺
            ",3.63,176,～￥999,～￥999
873,874,ソウル," ＪＲ難波駅 505m / 焼肉、ホルモン、冷麺
            ",3.63,175,"￥4,000～￥4,999",-
874,875,カロローゾ," 本町駅 541m / イタリアン、パスタ、野菜料理
            ",3.63,169,"￥10,000～￥14,999","￥6,000～￥7,999"
875,876,グリルばらの木," 心斎橋駅 330m / 洋食、ステーキ
            ",3.63,168,"￥2,000～￥2,999","￥1,000～￥1,999"
876,877,花筐," 西梅田駅 393m / 懐石・会席料理、天ぷら、鉄板焼き
            ",3.63,168,"￥20,000～￥29,999","￥8,000～￥9,999"
877,878,京橋 二刀流," 京橋駅 385m / 居酒屋、魚介料理・海鮮料理、創作料理
            ",3.63,167,"￥5,000～￥5,999",-
878,879,いち," 千里中央駅 351m / 喫茶店、サンドイッチ、ケーキ
            ",3.63,162,～￥999,～￥999
879,880,大吾郎商店," 福島駅 990m / ラーメン、つけ麺
            ",3.63,152,～￥999,～￥999
880,881,どんたく堂山," 中崎町駅 387m / お好み焼き、鉄板焼き
            ",3.63,144,"￥2,000～￥2,999",-
881,882,メリッサ," 中之島駅 86m / パン、ケーキ、デリカテッセン
            ",3.63,139,"￥2,000～￥2,999","￥1,000～￥1,999"
882,883,デ トゥット パンデュース エキマルシェ新大阪店," 新大阪駅 58m / パン、サンドイッチ
            ",3.63,138,～￥999,～￥999
883,884,お出汁とスパイス 元祖 エレクトロニカレー," 京橋駅 671m / カレーライス
            ",3.63,136,"￥1,000～￥1,999",～￥999
884,885,すし処 錦," 日本橋駅 241m / 寿司、ふぐ、天ぷら
            ",3.63,126,"￥6,000～￥7,999",-
885,886,ひのき屋," 野江内代駅 272m / ラーメン
            ",3.63,120,～￥999,～￥999
886,887,ひげ勝," 花園町駅 148m / 串揚げ・串かつ、居酒屋
            ",3.63,118,"￥2,000～￥2,999",-
887,888,大阪うどん・そば てんま," 南森町駅 290m / うどん、カレーうどん、うどんすき
            ",3.63,113,"￥1,000～￥1,999",～￥999
888,889,トリントン　ティールーム," 谷町六丁目駅 226m / カフェ、パンケーキ、紅茶専門店
            ",3.63,112,-,"￥1,000～￥1,999"
889,890,ザ バー," 西梅田駅 349m / バー
            ",3.63,111,"￥10,000～￥14,999","￥5,000～￥5,999"
890,891,らーめん 四恩," 近鉄八尾駅 153m / ラーメン、つけ麺
            ",3.63,105,～￥999,～￥999
891,892,foujita," 新福島駅 156m / 創作料理、そば、フレンチ
            ",3.63,104,"￥5,000～￥5,999",-
892,893,双琉," あびこ駅 395m / 中華料理、餃子、アジア・エスニック料理（その他）
            ",3.63,102,"￥3,000～￥3,999","￥1,000～￥1,999"
893,894,個室焼肉匠," 西中島南方駅 118m / 焼肉、すき焼き、寿司
            ",3.63,99,"￥4,000～￥4,999","￥2,000～￥2,999"
894,895,キュニエット," 北新地駅 205m / フレンチ、ワインバー、ビストロ
            ",3.63,98,"￥10,000～￥14,999","￥6,000～￥7,999"
895,896,超多加水純手打ち麺 仁しむら," 布施駅 538m / ラーメン
            ",3.63,98,～￥999,～￥999
896,897,乾," 羽曳野市 / そば
            ",3.63,90,-,"￥1,000～￥1,999"
897,898,鮨 ほしやま," 北新地駅 234m / 寿司
            ",3.63,88,"￥20,000～￥29,999",-
898,899,あきらカレー," 肥後橋駅 447m / カレーライス、カレー（その他）
            ",3.63,84,-,～￥999
899,900,ココペリカレー," 大阪天満宮駅 188m / カレーライス
            ",3.63,83,"￥2,000～￥2,999","￥1,000～￥1,999"
900,901,ショコラトリー・パティスリー ソリリテ," 肥後橋駅 586m / チョコレート、ケーキ
            ",3.63,82,～￥999,～￥999
901,902,中国料理 丹甫," 宿院駅 127m / 中華料理、広東料理
            ",3.63,81,"￥8,000～￥9,999","￥3,000～￥3,999"
902,903,中村," 大阪難波駅 322m / 懐石・会席料理、創作料理
            ",3.63,78,"￥15,000～￥19,999",-
903,904,すし寛," 今池駅 221m / 寿司、弁当、魚介料理・海鮮料理
            ",3.63,77,"￥6,000～￥7,999",-
904,905,はらいそ スパークル," 肥後橋駅 278m / カレーライス、居酒屋
            ",3.63,76,"￥2,000～￥2,999",-
905,906,鉄板焼き Oribe," 四ツ橋駅 235m / 鉄板焼き、お好み焼き
            ",3.63,72,"￥8,000～￥9,999",-
906,907,北新地 湯木 本店," 大江橋駅 315m / 懐石・会席料理、和食（その他）、魚介料理・海鮮料理
            ",3.63,71,"￥15,000～￥19,999","￥4,000～￥4,999"
907,908,トラットリア イル ピスタッキオ," 茨木駅 147m / イタリアン
            ",3.63,69,"￥8,000～￥9,999","￥6,000～￥7,999"
908,909,串揚げ タケナカ," 北新地駅 268m / 串揚げ・串かつ、和食（その他）
            ",3.63,62,"￥6,000～￥7,999","￥1,000～￥1,999"
909,910,酒肴 大阪まんぷく堂," 今里（大阪メトロ）駅 203m / 懐石・会席料理、割烹・小料理、魚介料理・海鮮料理
            ",3.63,60,"￥8,000～￥9,999",-
910,911,バー ウダ," 北新地駅 246m / バー
            ",3.63,40,"￥3,000～￥3,999",-
911,912,バー 立山," 肥後橋駅 469m / バー
            ",3.63,34,"￥6,000～￥7,999",-
912,913,やなぎ," 鶴橋駅 225m / 魚介料理・海鮮料理、ふぐ、割烹・小料理
            ",3.63,33,"￥5,000～￥5,999",-
913,914,炭火やきとり 森田," 本町駅 164m / 焼鳥
            ",3.63,32,"￥8,000～￥9,999",-
914,915,昇六," 本町駅 562m / 割烹・小料理
            ",3.63,18,"￥8,000～￥9,999","￥5,000～￥5,999"
915,916,中華旬彩 森本," 心斎橋駅 202m / 中華料理、飲茶・点心、担々麺
            ",3.62,340,"￥6,000～￥7,999","￥1,000～￥1,999"
916,917,銀平 北新地店," 北新地駅 254m / 魚介料理・海鮮料理、居酒屋、割烹・小料理
            ",3.62,331,"￥8,000～￥9,999","￥1,000～￥1,999"
917,918,シロマルベース 梅田店," 梅田駅 266m / ラーメン、中華料理、居酒屋
            ",3.62,317,～￥999,～￥999
918,919,アラビヤコーヒー," 大阪難波駅 252m / 喫茶店、コーヒー専門店、サンドイッチ
            ",3.62,242,-,"￥1,000～￥1,999"
919,920,西梅田 らんぷ," 福島駅 428m / ラーメン、餃子、つけ麺
            ",3.62,238,～￥999,～￥999
920,921,ビアン シュール," 阿倍野駅 36m / パン、サンドイッチ、カフェ
            ",3.62,238,～￥999,～￥999
921,922,いしもん 本店," 北新地駅 28m / 居酒屋、魚介料理・海鮮料理、日本酒バー
            ",3.62,235,"￥3,000～￥3,999",-
922,923,中華食堂 チリレンゲ," 阿波座駅 454m / 中華料理、四川料理、居酒屋
            ",3.62,214,"￥2,000～￥2,999",～￥999
923,924,麺や佑," 本町駅 487m / ラーメン、つけ麺、油そば
            ",3.62,208,～￥999,～￥999
924,925,ラ ピニャータ," 堺筋本町駅 371m / イタリアン、ステーキ、炭火焼き
            ",3.62,200,"￥5,000～￥5,999","￥1,000～￥1,999"
925,926,茨木きんせい," 茨木市駅 144m / ラーメン、つけ麺
            ",3.62,188,"￥1,000～￥1,999","￥1,000～￥1,999"
926,927,三国亭," 日本橋駅 251m / 中華料理
            ",3.62,180,"￥3,000～￥3,999",-
927,928,ブルガリ イル・カフェ 阪急うめだ本店," 梅田駅 49m / カフェ、チョコレート、イタリアン
            ",3.62,175,-,"￥2,000～￥2,999"
928,929,亜州食堂 チョウク," 新福島駅 193m / アジア・エスニック料理（その他）、タイ料理、インド料理
            ",3.62,171,"￥4,000～￥4,999","￥1,000～￥1,999"
929,930,がるる氷," 中崎町駅 313m / かき氷
            ",3.62,171,"￥1,000～￥1,999","￥1,000～￥1,999"
930,931,ウエストウッドベーカーズ," なんば（大阪メトロ）駅 417m / カフェ、パン、ハンバーガー
            ",3.62,170,"￥1,000～￥1,999",～￥999
931,932,イルベッカフィーコ," 肥後橋駅 351m / イタリアン、パスタ、ワインバー
            ",3.62,169,"￥4,000～￥4,999","￥1,000～￥1,999"
932,933,パティスリー シロ・デラブル," 江坂駅 319m / ケーキ、チョコレート
            ",3.62,162,～￥999,～￥999
933,934,マチェレリーアディタケウチ," 福島駅 137m / イタリアン、バル・バール、その他肉料理
            ",3.62,142,"￥4,000～￥4,999",-
934,935,スパイスカレー旬香唐," 西中島南方駅 179m / カレーライス、カレー（その他）
            ",3.62,142,-,～￥999
935,936,味とく家," 新福島駅 116m / 和食（その他）、魚介料理・海鮮料理、鍋（その他）
            ",3.62,141,"￥5,000～￥5,999",-
936,937,大阪ハラールレストラン," 千船駅 444m / パキスタン料理、カレーライス、インドカレー
            ",3.62,140,"￥1,000～￥1,999","￥1,000～￥1,999"
937,938,時屋 レスポワール," 天神橋筋六丁目駅 204m / つけ麺
            ",3.62,134,"￥1,000～￥1,999","￥1,000～￥1,999"
938,939,粟玄," 住吉東駅 380m / 和菓子
            ",3.62,133,"￥1,000～￥1,999",～￥999
939,940,ボビノ," 北新地駅 138m / ステーキ、ハンバーグ、カレーライス
            ",3.62,132,-,"￥1,000～￥1,999"
940,941,常夜燈 豊崎本家," 中津（大阪メトロ）駅 365m / おでん
            ",3.62,130,"￥6,000～￥7,999",-
941,942,うどん屋 山善," 服部天神駅 178m / うどん、うどんすき、丼もの（その他）
            ",3.62,127,～￥999,～￥999
942,943,焼肉ホルモン 坂上 梅田本店," 東梅田駅 387m / ホルモン、焼肉、鉄板焼き
            ",3.62,125,"￥3,000～￥3,999",-
943,944,スタンドアサヒ," 南田辺駅 97m / 居酒屋
            ",3.62,125,"￥3,000～￥3,999",-
944,945,麺や 鶏次と貝次," 中百舌鳥（南海・泉北）駅 294m / ラーメン
            ",3.62,123,～￥999,～￥999
945,946,伊賀喜," 天満橋駅 46m / うなぎ、懐石・会席料理
            ",3.62,120,"￥3,000～￥3,999","￥3,000～￥3,999"
946,947,とんがらし," 栂・美木多駅 723m / うどん、天ぷら、おにぎり
            ",3.62,118,-,～￥999
947,948,天狗庵," 上新庄駅 32m / ラーメン、油そば
            ",3.62,117,～￥999,～￥999
948,949,あいすべきものすべてに 高井田店," 高井田中央駅 483m / ラーメン
            ",3.62,113,～￥999,～￥999
949,950,関目団長," 関目高殿駅 37m / ラーメン、つけ麺、油そば
            ",3.62,103,～￥999,～￥999
950,951,パーラーイワシ," 福島駅 229m / バル・バール、魚介料理・海鮮料理、イタリアン
            ",3.62,102,"￥5,000～￥5,999",-
951,952,ラ パティスリー カツラ," 天満橋駅 346m / 洋菓子（その他）
            ",3.62,99,～￥999,～￥999
952,953,拉麺開花," 牧野駅 149m / ラーメン
            ",3.62,98,～￥999,～￥999
953,954,イタリア料理店 TAMANEGI," 西大橋駅 235m / イタリアン、パスタ
            ",3.62,98,"￥8,000～￥9,999","￥5,000～￥5,999"
954,955,丸蔵," 長居駅 283m / ラーメン
            ",3.62,92,～￥999,～￥999
955,956,ル ヴェール フレ," 江坂駅 426m / フレンチ、ビストロ、野菜料理
            ",3.62,86,"￥4,000～￥4,999","￥1,000～￥1,999"
956,957,中華そば ひよこ," 桜ノ宮駅 470m / ラーメン
            ",3.62,80,-,"￥1,000～￥1,999"
957,958,サケとスミビとロシュタン," なんば（大阪メトロ）駅 185m / 居酒屋、炭火焼き、日本酒バー
            ",3.62,78,"￥3,000～￥3,999",-
958,959,らぁ麺 TORRY," 吹田市 / ラーメン、つけ麺、汁なし担々麺
            ",3.62,74,"￥1,000～￥1,999","￥1,000～￥1,999"
959,960,あなぐま亭," 今宮戎駅 256m / 居酒屋、日本酒バー
            ",3.62,71,"￥5,000～￥5,999",～￥999
960,961,鍾馗 東三国店," 東三国駅 558m / ラーメン
            ",3.62,69,～￥999,～￥999
961,962,げんや," 小路（大阪メトロ）駅 267m / ちりとり鍋・てっちゃん鍋、韓国料理、焼肉
            ",3.62,68,"￥4,000～￥4,999",-
962,963,立浪一番," 庄内駅 132m / ちゃんこ鍋
            ",3.62,65,"￥4,000～￥4,999",-
963,964,中華そば ツルヤ," 今福鶴見駅 177m / ラーメン、つけ麺、油そば
            ",3.62,65,"￥1,000～￥1,999","￥1,000～￥1,999"
964,965,よし春," 京橋駅 368m / 居酒屋、創作料理
            ",3.62,65,"￥6,000～￥7,999","￥1,000～￥1,999"
965,966,炭火割烹 いしい," 福島駅 329m / 割烹・小料理、炭火焼き、魚介料理・海鮮料理
            ",3.62,64,"￥15,000～￥19,999",-
966,967,上川南店," 天神橋筋六丁目駅 155m / 割烹・小料理、寿司、豆腐料理・湯葉料理
            ",3.62,63,"￥3,000～￥3,999",-
967,968,YAMACHAN," 海老江駅 124m / ラーメン
            ",3.62,63,"￥1,000～￥1,999","￥1,000～￥1,999"
968,969,中華そば 九兵衛 長田店," 長田駅 177m / ラーメン
            ",3.62,63,-,～￥999
969,970,ハツタツ," 中津（大阪メトロ）駅 163m / パン、サンドイッチ
            ",3.62,62,-,"￥1,000～￥1,999"
970,971,CHIKICHIKI 天満店," 天神橋筋六丁目駅 269m / 焼鳥
            ",3.62,59,"￥5,000～￥5,999",-
971,972,G'day ワイン食堂," 北新地駅 240m / ビストロ、イタリアン、ワインバー
            ",3.62,59,"￥10,000～￥14,999","￥1,000～￥1,999"
972,973,大番," 北新地駅 118m / 焼肉
            ",3.62,57,"￥4,000～￥4,999",-
973,974,旅人シェフのタイ食堂 KHAO," 天神橋筋六丁目駅 142m / タイ料理、アジア・エスニック料理（その他）、タイカレー
            ",3.62,57,"￥2,000～￥2,999",-
974,975,鮨処 たかはし," 大江橋駅 222m / 寿司
            ",3.62,57,"￥10,000～￥14,999","￥2,000～￥2,999"
975,976,注文の多いラーメン屋," 江坂駅 265m / ラーメン
            ",3.62,51,-,～￥999
976,977,食堂RUTA," 長堀橋駅 319m / イタリアン
            ",3.62,41,"￥5,000～￥5,999",-
977,978,バー ウイスキー," 長堀橋駅 175m / バー
            ",3.62,33,"￥2,000～￥2,999","￥3,000～￥3,999"
978,979,彩さい," 長堀橋駅 340m / 割烹・小料理、懐石・会席料理、魚介料理・海鮮料理
            ",3.62,31,"￥10,000～￥14,999",-
979,980,ぼちぼち," 大阪城北詰駅 295m / 居酒屋、魚介料理・海鮮料理、創作料理
            ",3.62,30,"￥6,000～￥7,999",-
980,981,日本料理・ブランド松葉蟹 松屋町 青天," 堺筋本町駅 517m / 懐石・会席料理、天ぷら
            ",3.62,27,"￥15,000～￥19,999","￥10,000～￥14,999"
981,982,ルイーズ," 本町駅 477m / フレンチ
            ",3.62,22,"￥10,000～￥14,999","￥5,000～￥5,999"
982,983,若桜," 北新地駅 44m / 割烹・小料理
            ",3.62,22,"￥20,000～￥29,999","￥3,000～￥3,999"
983,984,田島屋," 東部市場前駅 860m / 居酒屋
            ",3.62,21,"￥2,000～￥2,999",-
984,985,ア・カント," 谷町四丁目駅 379m / イタリアン
            ",3.62,19,"￥10,000～￥14,999",-
985,986,バンブードール," 宇野辺駅 649m / フレンチ
            ",3.62,18,"￥5,000～￥5,999","￥2,000～￥2,999"
986,987,鮓直," 大阪天満宮駅 317m / 寿司
            ",3.62,14,-,"￥3,000～￥3,999"
987,988,和顔," 四ツ橋駅 49m / 割烹・小料理、懐石・会席料理
            ",3.62,9,"￥20,000～￥29,999",-
988,989,花くじら 本店," 新福島駅 140m / おでん
            ",3.61,534,"￥2,000～￥2,999",-
989,990,ロウリーズ・ザ・プライムリブ 大阪," 西梅田駅 154m / ステーキ、アメリカ料理、バイキング
            ",3.61,525,"￥8,000～￥9,999","￥3,000～￥3,999"
990,991,カドヤ食堂 阪神梅田店," 東梅田駅 69m / ラーメン
            ",3.61,439,～￥999,～￥999
991,992,麺や輝 中津店," 中津（大阪メトロ）駅 258m / ラーメン、つけ麺、丼もの（その他）
            ",3.61,406,～￥999,～￥999
992,993,うまい屋," 天神橋筋六丁目駅 246m / たこ焼き、かき氷
            ",3.61,400,～￥999,～￥999
993,994,麺や マルショウ 地下鉄新大阪店," 新大阪駅 173m / 台湾まぜそば、ラーメン、餃子
            ",3.61,329,～￥999,～￥999
994,995,Revo 本店," 岸里駅 216m / 洋食、ステーキ、ハンバーグ
            ",3.61,321,"￥3,000～￥3,999","￥1,000～￥1,999"
995,996,香川," 北新地駅 120m / うどん、カレーうどん
            ",3.61,315,"￥1,000～￥1,999",-
996,997,カンティプール 天五店," 天神橋筋六丁目駅 247m / ネパール料理、カレーライス、カレー（その他）
            ",3.61,308,"￥1,000～￥1,999",～￥999
997,998,五感 梅田阪急店," 梅田駅 92m / ケーキ
            ",3.61,295,"￥1,000～￥1,999",～￥999
998,999,西洋茶館," 扇町駅 99m / 喫茶店、紅茶専門店、ケーキ
            ",3.61,282,"￥1,000～￥1,999","￥1,000～￥1,999"
999,1000,ライオン飯店," 天満駅 264m / 中華料理、ラーメン、バル・バール
            ",3.61,282,"￥2,000～￥2,999","￥1,000～￥1,999"
